,model,seed,fp_types,valid_rmse,valid_r2,test_rmse,test_r2,time,,
0,xgb,1,MorganFP,1.626886763,0.891324279,1.457196448,0.900010917,5.975692749,,
1,xgb,2,MorganFP,1.374349017,0.894530425,0.854821734,0.967748115,5.417512655,,
2,xgb,4,MorganFP,1.499065586,0.904522001,1.211070021,0.914087371,4.747686386,,
3,xgb,8,MorganFP,1.400481128,0.922620924,1.506712799,0.914854666,6.369441986,,
4,xgb,16,MorganFP,0.700879739,0.968738487,0.913518073,0.951129609,4.257091284,,
5,xgb,32,MorganFP,1.544008991,0.884377457,1.893340331,0.89466349,6.102814913,,
6,xgb,64,MorganFP,1.11375756,0.936198012,1.282254465,0.920805258,3.275051832,,
7,xgb,128,MorganFP,1.221344838,0.909230611,1.330566604,0.901472294,3.164120436,,
8,xgb,256,MorganFP,0.980701256,0.954636179,1.246311695,0.922160351,4.253412962,,
9,xgb,512,MorganFP,0.634586038,0.974291993,1.188910401,0.936471423,3.343429327,,
average,,,,1.209606092,0.924047037,1.288470257,0.922340349,4.690625453,,
st.p,,,,0.329314666,0.03118284,0.281086707,0.022174304,1.16292017,,
,,,,,,,,,,
10,xgb,1,RDkitFP,1.630513381,0.888185753,0.918793085,0.957185659,6.114061594,,
11,xgb,2,RDkitFP,1.009077117,0.941019152,1.271251905,0.923557542,7.802797318,,
12,xgb,4,RDkitFP,1.604807859,0.890880205,0.974961124,0.940076069,7.175158262,,
13,xgb,8,RDkitFP,1.629869818,0.889606712,1.632646994,0.898580982,5.310853004,,
14,xgb,16,RDkitFP,0.801748782,0.960058299,0.716777679,0.969345795,4.755156517,,
15,xgb,32,RDkitFP,1.467141338,0.897379957,1.84751556,0.897161118,9.958694935,,
16,xgb,64,RDkitFP,1.065983342,0.944375564,0.939889099,0.968464093,3.84033823,,
17,xgb,128,RDkitFP,0.874169013,0.951652293,1.629828656,0.84549029,3.683203459,,
18,xgb,256,RDkitFP,1.2239469,0.924699495,1.526350455,0.885403327,5.685703754,,
19,xgb,512,RDkitFP,0.699080929,0.968347745,0.949708492,0.959840239,3.919454575,,
average,,,,1.200633848,0.925620518,1.240772305,0.924510511,5.824542165,,
st.p,,,,0.342933661,0.029969522,0.371442768,0.039617,1.910266779,,
,,,,,,,,,,
20,xgb,1,AtomPairFP,2.058640861,0.823840239,1.786106547,0.850549975,4.6974895,,
21,xgb,2,AtomPairFP,1.971327436,0.782782309,1.681711158,0.856266578,12.76400042,,
22,xgb,4,AtomPairFP,1.76355463,0.871809767,1.01224919,0.934699137,4.892985106,,
23,xgb,8,AtomPairFP,1.863720241,0.867349724,1.885606204,0.869788859,4.1639359,,
24,xgb,16,AtomPairFP,1.192942734,0.911264886,1.029779338,0.945247841,3.87344408,,
25,xgb,32,AtomPairFP,1.81005919,0.853889683,2.407825803,0.836599969,5.75928998,,
26,xgb,64,AtomPairFP,1.547691819,0.878121459,1.958322832,0.823139973,4.236810923,,
27,xgb,128,AtomPairFP,1.106577393,0.923072764,1.618157197,0.852631233,3.6800282,,
28,xgb,256,AtomPairFP,1.299795872,0.919789091,1.82743761,0.840771366,3.816387177,,
29,xgb,512,AtomPairFP,1.258083018,0.892954587,1.581682276,0.886808586,4.961212158,,
average,,,,1.587239319,0.872487451,1.678887816,0.869650352,5.284558344,,
st.p,,,,0.332559449,0.041877142,0.395553268,0.038940837,2.566024404,,
,,,,,,,,,,
30,xgb,1,TorsionFP,1.548809189,0.900391611,1.312862682,0.920117283,6.345689774,,
31,xgb,2,TorsionFP,1.370937227,0.894453113,0.872579173,0.96663649,8.622350693,,
32,xgb,4,TorsionFP,1.309599944,0.92715983,1.293682254,0.903434879,4.221749067,,
33,xgb,8,TorsionFP,1.26752121,0.937214658,1.552959966,0.906685058,6.623881578,,
34,xgb,16,TorsionFP,0.803681449,0.95843127,0.881147917,0.955950226,3.580197811,,
35,xgb,32,TorsionFP,1.485061459,0.892186455,1.81627772,0.902824696,6.055459261,,
36,xgb,64,TorsionFP,1.164269827,0.931344876,1.456276739,0.891469072,3.356582642,,
37,xgb,128,TorsionFP,1.052356915,0.928982973,1.631200144,0.845193559,3.18751812,,
38,xgb,256,TorsionFP,1.160022956,0.932546582,1.425345769,0.895178945,6.30270648,,
39,xgb,512,TorsionFP,0.7225074,0.962322809,1.128166396,0.943841854,3.257162333,,
average,,,,1.188476758,0.926503418,1.337049876,0.913133206,5.155329776,,
st.p,,,,0.256345801,0.023174098,0.292316574,0.033670587,1.782805907,,
,,,,,,,,,,
40,xgb,1,AvalonFP,1.554224975,0.898292229,1.210111536,0.925233986,5.313003063,,
41,xgb,2,AvalonFP,0.811738128,0.961541091,1.014137578,0.950476505,7.528023005,,
42,xgb,4,AvalonFP,1.396766367,0.918356142,1.043605701,0.934693804,4.675721645,,
43,xgb,8,AvalonFP,1.263102112,0.933977636,1.860449106,0.864166466,5.782589912,,
44,xgb,16,AvalonFP,0.786193686,0.960027981,0.798201497,0.962116026,4.273640633,,
45,xgb,32,AvalonFP,1.50556955,0.891766861,1.852118721,0.895513676,6.752996445,,
46,xgb,64,AvalonFP,1.004576353,0.948268243,1.244856066,0.923420299,3.792514086,,
47,xgb,128,AvalonFP,0.938545399,0.94852286,1.618732992,0.853398986,5.71383214,,
48,xgb,256,AvalonFP,1.112083736,0.945256321,1.178436083,0.930784485,7.128032923,,
49,xgb,512,AvalonFP,0.752553922,0.959795669,1.063165608,0.948899033,3.769369364,,
average,,,,1.112535423,0.936580503,1.288381489,0.918870327,5.472972322,,
st.p,,,,0.286620927,0.024247492,0.346471544,0.034711575,1.287656608,,
,,,,,,,,,,
50,xgb,1,EstateFP,2.498334344,0.749364756,1.464377491,0.894924543,5.415465355,,
51,xgb,2,EstateFP,2.303270693,0.739308848,1.191072572,0.928594316,3.333508492,,
52,xgb,4,EstateFP,1.80322043,0.859854145,1.443278268,0.88043638,2.432731628,,
53,xgb,8,EstateFP,2.148915523,0.805289652,1.643085038,0.906712402,2.15937376,,
54,xgb,16,EstateFP,0.884725464,0.949896805,0.883685388,0.951879416,3.480057955,,
55,xgb,32,EstateFP,2.043099003,0.788984392,2.125245956,0.873122977,3.198476076,,
56,xgb,64,EstateFP,1.378979884,0.902434425,1.669378311,0.861570424,2.811819553,,
57,xgb,128,EstateFP,0.939678722,0.946598939,2.369392573,0.698652085,3.822137117,,
58,xgb,256,EstateFP,1.382146386,0.910878563,1.568894866,0.892525578,3.081873655,,
59,xgb,512,EstateFP,1.884929954,0.750353418,1.413772612,0.909773881,1.912225723,,
average,,,,1.72673004,0.840296394,1.577218308,0.8798192,3.164766931,,
st.p,,,,0.529629094,0.079343017,0.403516971,0.065407644,0.942008023,,
,,,,,,,,,,
60,xgb,1,MACCSFP,1.808333452,0.861542217,1.254164262,0.920912394,2.470062256,,
61,xgb,2,MACCSFP,1.537422426,0.872165756,1.083761736,0.939929256,2.816998482,,
62,xgb,4,MACCSFP,1.626477812,0.889626535,1.529559451,0.849097477,1.785905123,,
63,xgb,8,MACCSFP,1.410907723,0.929009566,1.539825348,0.918750198,1.586198807,,
64,xgb,16,MACCSFP,0.788388691,0.960154136,0.743171526,0.966259464,1.842011452,,
65,xgb,32,MACCSFP,1.55114412,0.882251525,1.867368309,0.901928444,3.881794453,,
66,xgb,64,MACCSFP,1.04960574,0.944112529,1.304819843,0.91325727,2.754914045,,
67,xgb,128,MACCSFP,1.164095843,0.919347148,1.694109246,0.844999731,3.203307629,,
68,xgb,256,MACCSFP,1.20689083,0.937245967,1.347325351,0.906996252,2.641117573,,
69,xgb,512,MACCSFP,0.793860477,0.956228719,1.246821297,0.930971039,1.721459389,,
average,,,,1.293712711,0.91516841,1.361092637,0.909310153,2.470376921,,
st.p,,,,0.332279784,0.034212264,0.302345544,0.03565178,0.704665909,,
,,,,,,,,,,
70,xgb,1,PharmacoErGFP,2.3856958,0.765549708,1.955275542,0.804449825,5.396247864,,
71,xgb,2,PharmacoErGFP,1.582962019,0.86723431,2.107114188,0.775492292,4.135808706,,
72,xgb,4,PharmacoErGFP,1.733843484,0.875774061,1.150863778,0.918052049,4.122597218,,
73,xgb,8,PharmacoErGFP,2.28110005,0.784245941,1.565013367,0.911792468,3.585517645,,
74,xgb,16,PharmacoErGFP,1.831419936,0.784804855,1.174565928,0.922726156,2.620088816,,
75,xgb,32,PharmacoErGFP,1.436938355,0.899364913,3.323804187,0.643181147,5.28236866,,
76,xgb,64,PharmacoErGFP,2.14012879,0.774859918,2.627907189,0.650925694,2.334956646,,
77,xgb,128,PharmacoErGFP,1.899587647,0.762983077,1.978578809,0.774764832,4.142785788,,
78,xgb,256,PharmacoErGFP,1.377233529,0.900427948,2.754729165,0.62078517,2.331833601,,
79,xgb,512,PharmacoErGFP,1.897587648,0.756203822,2.035313564,0.817218426,2.716141462,,
average,,,,1.856649726,0.817144855,2.067316572,0.783938806,3.666834641,,
st.p,,,,0.322575291,0.057330747,0.654048363,0.109271636,1.087071273,,
,,,,,,,,,,
80,xgb,1,PharmacoPFP,2.287280547,0.785406344,1.799878355,0.833667128,3.933943033,,
81,xgb,2,PharmacoPFP,2.162719248,0.725495071,2.023577289,0.800934221,3.150800943,,
82,xgb,4,PharmacoPFP,1.230618225,0.942145023,1.309685061,0.890343671,7.031917095,,
83,xgb,8,PharmacoPFP,2.113214886,0.813265157,2.218638362,0.801522557,3.935481071,,
84,xgb,16,PharmacoPFP,1.650878247,0.838746969,1.336966955,0.899187555,2.303034306,,
85,xgb,32,PharmacoPFP,1.794840543,0.850141919,3.334555554,0.648940698,3.728359222,,
86,xgb,64,PharmacoPFP,1.496545655,0.892390805,2.10280117,0.784107285,4.513753653,,
87,xgb,128,PharmacoPFP,1.592342232,0.833736567,1.692644692,0.833109469,3.050619125,,
88,xgb,256,PharmacoPFP,1.91081755,0.807265215,2.939043863,0.558664563,3.106750965,,
89,xgb,512,PharmacoPFP,1.429171247,0.861685562,1.326562984,0.924371147,3.283540487,,
average,,,,1.766842838,0.835027863,2.008435429,0.797484829,3.80381999,,
st.p,,,,0.329784396,0.05605646,0.650018303,0.108144468,1.223408222,,
,,,,,,,,,,
90,xgb,1,PubChemFP,1.62288491,0.888250938,1.306895461,0.918387537,3.754209995,,
91,xgb,2,PubChemFP,1.37245396,0.904228007,1.622927597,0.874030158,4.504044771,,
92,xgb,4,PubChemFP,2.359568805,0.753096267,1.192796721,0.912548943,2.633850574,,
93,xgb,8,PubChemFP,1.265897324,0.942950549,1.980193605,0.852018438,2.428309679,,
94,xgb,16,PubChemFP,1.364114289,0.880901831,0.572539591,0.979896953,2.256682158,,
95,xgb,32,PubChemFP,1.654158013,0.865851908,1.764715398,0.907937114,5.245857954,,
96,xgb,64,PubChemFP,1.082880727,0.940812407,1.209588797,0.927361578,2.355778456,,
97,xgb,128,PubChemFP,0.923352734,0.946189509,1.369073459,0.892020398,2.059201956,,
98,xgb,256,PubChemFP,1.441914401,0.895830666,1.337985091,0.913782359,2.923814058,,
99,xgb,512,PubChemFP,0.847330739,0.950960783,1.034034441,0.951861959,2.185489416,,
average,,,,1.39345559,0.896907287,1.339075016,0.912984544,3.034723902,,
st.p,,,,0.411048106,0.056062523,0.373296399,0.034532193,1.041420887,,
,,,,,,,,,,
100,xgb,1,MHFP6,1.889591915,0.849430518,1.045007785,0.944686994,6.619671345,,
101,xgb,2,MHFP6,1.07933314,0.936954469,1.927249976,0.836489969,6.106980801,,
102,xgb,4,MHFP6,1.586376031,0.898108729,1.331048184,0.891907778,5.998206139,,
103,xgb,8,MHFP6,1.733197607,0.880208172,1.686879113,0.898494278,5.21343255,,
104,xgb,16,MHFP6,0.964326017,0.942396292,1.179801145,0.921200745,8.311998844,,
105,xgb,32,MHFP6,1.494116631,0.895749066,2.142060692,0.875329227,8.097633123,,
106,xgb,64,MHFP6,1.015746476,0.95090719,1.10745595,0.955915237,4.237580299,,
107,xgb,128,MHFP6,0.861192356,0.953708159,1.702703552,0.831069344,4.788359642,,
108,xgb,256,MHFP6,1.21509294,0.93103218,1.848665746,0.846038954,5.222043276,,
109,xgb,512,MHFP6,0.913495988,0.941334825,1.265594927,0.931373074,4.264610052,,
average,,,,1.27524691,0.91798296,1.523646707,0.89325056,5.886051607,,
st.p,,,,0.35215931,0.033237807,0.36522591,0.042982305,1.371884855,,
,,,,,,,,,,
110,xgb,1,Property,2.587004726,0.718376116,2.115819906,0.779022621,3.645874977,,
111,xgb,2,Property,1.820329753,0.821945559,2.095498372,0.799453623,2.253990889,,
112,xgb,4,Property,2.055780329,0.83456544,1.669337371,0.822566013,2.530211449,,
113,xgb,8,Property,2.178239811,0.803561578,2.069267379,0.857562179,3.177669764,,
114,xgb,16,Property,1.399316045,0.877655922,1.345750598,0.898136266,4.196946383,,
115,xgb,32,Property,1.834558035,0.830840749,2.953325661,0.726576021,2.27086401,,
116,xgb,64,Property,1.652651868,0.86158691,1.777874359,0.855079796,6.073904514,,
117,xgb,128,Property,1.890010122,0.773067427,2.651177293,0.596431802,3.256883383,,
118,xgb,256,Property,1.753883131,0.854558556,2.817785524,0.615086688,6.140037775,,
119,xgb,512,Property,1.028520056,0.924806022,1.860399202,0.84769399,6.042555094,,
average,,,,1.820029388,0.830096428,2.135623567,0.7797609,3.958893824,,
st.p,,,,0.401637916,0.054172553,0.49509976,0.098045917,1.504239175,,
,,,,,,,,,,
120,xgb,1,Constitution,1.896878064,0.850218513,1.306773035,0.913071054,2.991769791,,
121,xgb,2,Constitution,1.381127953,0.904757929,1.626136253,0.877391471,2.97763133,,
122,xgb,4,Constitution,1.514550825,0.909314062,1.192609133,0.907628423,2.585062265,,
123,xgb,8,Constitution,1.855911904,0.856233098,2.012345873,0.838142173,2.764018059,,
124,xgb,16,Constitution,0.844406848,0.959544721,1.120333465,0.925909444,2.942027569,,
125,xgb,32,Constitution,1.467872428,0.896863436,1.94838405,0.897953168,2.895978451,,
126,xgb,64,Constitution,1.150071907,0.932132714,1.395513385,0.915137715,2.208124161,,
127,xgb,128,Constitution,1.148405523,0.917488011,2.253507921,0.707044983,1.615959167,,
128,xgb,256,Constitution,1.381911675,0.900141566,1.466784194,0.900026749,3.053339005,,
129,xgb,512,Constitution,1.039693173,0.925770326,1.340440028,0.919313412,2.113705873,,
average,,,,1.36808303,0.905246438,1.566282734,0.880161859,2.614761567,,
st.p,,,,0.320505388,0.0312822,0.362870458,0.062562249,0.457112938,,
,,,,,,,,,,
130,xgb,1,Autocorr,2.118212662,0.811898241,1.640557847,0.869030082,2.829084873,,
131,xgb,2,Autocorr,1.955879669,0.786885954,1.039093562,0.952218791,3.764864922,,
132,xgb,4,Autocorr,2.047548534,0.847266411,1.768618136,0.799062356,4.82358098,,
133,xgb,8,Autocorr,1.860905674,0.863239535,2.003187275,0.847103545,2.463971138,,
134,xgb,16,Autocorr,1.09233287,0.92606307,0.746236596,0.972006445,3.892047167,,
135,xgb,32,Autocorr,1.797095906,0.853722553,2.607422108,0.817242641,5.281545639,,
136,xgb,64,Autocorr,1.184637579,0.939306252,1.982006734,0.805374816,2.485384226,,
137,xgb,128,Autocorr,1.583792945,0.834531437,1.892242123,0.7913344,3.441561222,,
138,xgb,256,Autocorr,1.27423765,0.924744125,1.916141052,0.839515644,2.56399107,,
139,xgb,512,Autocorr,1.503479973,0.836599809,1.920169617,0.838519982,3.1311903,,
average,,,,1.641812346,0.862425739,1.751567505,0.85314087,3.467722154,,
st.p,,,,0.350839277,0.048841043,0.495492235,0.059117338,0.933149708,,
,,,,,,,,,,
140,xgb,1,Fragment,1.827111801,0.858550946,1.103978955,0.938374901,3.43047905,,
141,xgb,2,Fragment,1.403120741,0.897853116,1.034798242,0.947608127,3.680233002,,
142,xgb,4,Fragment,1.742836606,0.877949479,1.311639787,0.888214892,2.135812283,,
143,xgb,8,Fragment,1.370840101,0.924425968,1.87747776,0.873952648,2.471423864,,
144,xgb,16,Fragment,0.966830009,0.940885635,0.743796201,0.966252102,2.395174742,,
145,xgb,32,Fragment,1.892264544,0.823105987,2.116870868,0.874537691,2.39965415,,
146,xgb,64,Fragment,1.168652587,0.93470755,1.29596366,0.921140271,2.034869432,,
147,xgb,128,Fragment,0.877196953,0.951061951,1.47979802,0.87437193,2.752690792,,
148,xgb,256,Fragment,1.027865479,0.948217624,1.847551378,0.830454521,5.300838947,,
149,xgb,512,Fragment,1.007713874,0.933418754,1.394782675,0.919911069,2.36943984,,
average,,,,1.32844327,0.909017701,1.420665755,0.903481815,2.89706161,,
st.p,,,,0.360388067,0.041024762,0.401814708,0.039761405,0.94755542,,
,,,,,,,,,,
150,xgb,1,Charge,2.059027811,0.82034723,1.614438573,0.869823553,3.622714758,,
151,xgb,2,Charge,1.701049551,0.842938936,1.323186458,0.913103852,4.959380627,,
152,xgb,4,Charge,1.964543211,0.83807974,1.46937934,0.858935172,1.837288857,,
153,xgb,8,Charge,1.741929113,0.878412167,1.814207152,0.868403138,3.652011156,,
154,xgb,16,Charge,1.238693633,0.905786507,0.806681223,0.960691878,2.178045511,,
155,xgb,32,Charge,1.760781987,0.848897894,2.172719961,0.863178127,6.85723424,,
156,xgb,64,Charge,1.291988584,0.915101551,1.805990701,0.852452312,1.877318621,,
157,xgb,128,Charge,1.052913049,0.92895634,1.396534179,0.886625721,3.297009706,,
158,xgb,256,Charge,1.055015609,0.948366752,1.829704771,0.846233113,5.281214476,,
159,xgb,512,Charge,1.200152243,0.897011887,1.338138605,0.921412379,2.549247265,,
average,,,,1.506609479,0.8823899,1.557098096,0.884085925,3.611146522,,
st.p,,,,0.359748494,0.041059996,0.358316055,0.034731555,1.567755468,,
,,,,,,,,,,
160,xgb,1,Estate,1.850749771,0.856519732,1.320871638,0.910617945,2.472385406,,
161,xgb,2,Estate,1.497945378,0.878286257,1.261691506,0.921526482,5.02646637,,
162,xgb,4,Estate,1.54533769,0.90931266,1.081775493,0.924884298,2.082530499,,
163,xgb,8,Estate,1.659121971,0.890119219,1.835560322,0.87311673,2.144248486,,
164,xgb,16,Estate,0.773321382,0.964224372,0.663305684,0.973728794,2.375749588,,
165,xgb,32,Estate,1.412611667,0.907486699,2.088958023,0.874262941,5.340385437,,
166,xgb,64,Estate,0.914322499,0.960863409,1.283363564,0.917161344,1.777748346,,
167,xgb,128,Estate,0.830277626,0.957380964,1.94052241,0.795655613,2.712405682,,
168,xgb,256,Estate,0.981892627,0.952154986,1.685600981,0.863141464,5.488926172,,
169,xgb,512,Estate,0.889148524,0.95036886,1.228489009,0.936048468,2.751577139,,
average,,,,1.235472914,0.922671716,1.439013863,0.899014408,3.217242313,,
st.p,,,,0.37675969,0.037203795,0.416567342,0.046740767,1.385179822,,
,,,,,,,,,,
170,xgb,1,Connectivity,2.249138084,0.792436908,1.216833786,0.931143086,2.356129408,,
171,xgb,2,Connectivity,1.619935182,0.861272263,1.805533606,0.839887549,2.924647331,,
172,xgb,4,Connectivity,1.79186097,0.877893209,1.338975145,0.883900318,2.019449711,,
173,xgb,8,Connectivity,2.351351975,0.773127163,1.980201682,0.84854769,1.487177134,,
174,xgb,16,Connectivity,0.992954673,0.939891152,0.845482972,0.957294606,4.283622742,,
175,xgb,32,Connectivity,1.76100351,0.856761412,2.375087262,0.854762224,1.442875385,,
176,xgb,64,Connectivity,1.335954498,0.917702917,2.049531,0.794313692,1.441369534,,
177,xgb,128,Connectivity,1.295998479,0.894103017,1.971040926,0.774399747,1.535515547,,
178,xgb,256,Connectivity,1.192801026,0.93045015,1.4919318,0.899152401,2.497876167,,
179,xgb,512,Connectivity,1.013483321,0.933020502,1.531400053,0.897566602,1.57005477,,
average,,,,1.560448172,0.877665869,1.660601823,0.868096792,2.155871773,,
st.p,,,,0.455395492,0.055220976,0.434880706,0.054399061,0.865336604,,
,,,,,,,,,,
180,xgb,1,Topology,3.063575825,0.606461219,2.603212623,0.657522816,3.13914752,,
181,xgb,2,Topology,2.262587965,0.711555308,3.03305175,0.548235524,4.501113176,,
182,xgb,4,Topology,2.64008178,0.715250759,3.114269962,0.42382075,2.216603518,,
183,xgb,8,Topology,2.912624904,0.63125366,3.098936156,0.611221654,3.009610891,,
184,xgb,16,Topology,2.263384723,0.690075026,1.977360232,0.759827285,1.933328152,,
185,xgb,32,Topology,2.36546955,0.728974331,2.934603653,0.767890091,1.700428724,,
186,xgb,64,Topology,2.413855131,0.712950973,2.602729695,0.663079378,6.271064281,,
187,xgb,128,Topology,2.380574037,0.633753692,2.889844983,0.531390097,2.899330139,,
188,xgb,256,Topology,2.221830986,0.744079355,2.895855824,0.609334278,2.100722313,,
189,xgb,512,Topology,1.425532293,0.85455657,1.92799353,0.843907136,3.513978004,,
average,,,,2.394951719,0.702891089,2.707785841,0.641622901,3.128532672,,
st.p,,,,0.422035611,0.067143973,0.413226084,0.119090226,1.316466588,,
,,,,,,,,,,
190,xgb,1,Kappa,2.838118424,0.677620164,2.89132553,0.581452541,2.221094131,,
191,xgb,2,Kappa,3.330818824,0.360783537,3.120331072,0.518561702,1.535658121,,
192,xgb,4,Kappa,2.930598987,0.646515666,2.829136691,0.491727144,1.85027957,,
193,xgb,8,Kappa,3.064762368,0.615488866,3.053984921,0.630985574,1.700652599,,
194,xgb,16,Kappa,2.188209277,0.696547208,2.544127302,0.601405655,2.380550623,,
195,xgb,32,Kappa,1.965098172,0.815376363,3.510480112,0.605433276,3.436067104,,
196,xgb,64,Kappa,2.499809322,0.688743567,3.560181434,0.384654552,2.591807604,,
197,xgb,128,Kappa,2.977208851,0.412966789,2.773079573,0.597895086,1.515838623,,
198,xgb,256,Kappa,2.126372915,0.76685069,2.678071982,0.676610098,3.408633947,,
199,xgb,512,Kappa,2.649550423,0.503257256,2.72853173,0.665731729,1.764696836,,
average,,,,2.657054756,0.618415011,2.968925035,0.575445736,2.240527916,,
st.p,,,,0.428406152,0.140721493,0.325542695,0.083803078,0.680393816,,
,,,,,,,,,,
200,xgb,1,Path,2.797109644,0.673510455,1.949346117,0.818739925,2.938779831,,
201,xgb,2,Path,1.680229966,0.842472958,2.758425967,0.620976496,3.544694901,,
202,xgb,4,Path,2.535619915,0.72706567,2.287085443,0.671854542,2.754723072,,
203,xgb,8,Path,2.707001064,0.681980258,3.215264585,0.588364867,5.792018414,,
204,xgb,16,Path,1.628955254,0.831776871,1.535979932,0.858127586,6.24554038,,
205,xgb,32,Path,2.412740952,0.707650769,2.41814756,0.856932288,4.388567448,,
206,xgb,64,Path,1.97997191,0.799375938,2.303476324,0.7356131,6.244306087,,
207,xgb,128,Path,1.854753499,0.775006029,2.467927248,0.648138881,3.418545485,,
208,xgb,256,Path,1.963646958,0.810884434,2.551218986,0.703175256,3.283354521,,
209,xgb,512,Path,1.396492381,0.85904804,1.89970858,0.836938897,2.571114302,,
average,,,,2.095652154,0.770877142,2.338658074,0.733886184,4.118164444,,
st.p,,,,0.461297352,0.065068122,0.447804137,0.097194654,1.381290619,,
,,,,,,,,,,
210,xgb,1,InfoContent,2.542995701,0.748460107,2.350830504,0.733614286,2.879389048,,
211,xgb,2,InfoContent,1.974110589,0.777170086,3.026848274,0.537536758,3.091816902,,
212,xgb,4,InfoContent,2.459832181,0.75056927,2.761437286,0.531491677,1.830680847,,
213,xgb,8,InfoContent,2.190202161,0.801868476,2.58367328,0.741313933,1.894563437,,
214,xgb,16,InfoContent,2.037808102,0.756703783,2.131959043,0.732277788,1.394821167,,
215,xgb,32,InfoContent,2.978046503,0.564790006,3.447834522,0.644506987,1.508168221,,
216,xgb,64,InfoContent,2.107611312,0.775926022,2.143465718,0.780379806,1.821456432,,
217,xgb,128,InfoContent,2.353891337,0.644123748,2.489821966,0.643652927,1.211417913,,
218,xgb,256,InfoContent,2.358270848,0.707618433,2.72454801,0.638207063,2.128406048,,
219,xgb,512,InfoContent,1.667912053,0.798281969,2.25123684,0.79488277,1.667864084,,
average,,,,2.267068079,0.73255119,2.591165544,0.6777864,1.94285841,,
st.p,,,,0.341078817,0.071234546,0.395655075,0.089033715,0.579759027,,
,,,,,,,,,,
220,xgb,1,moe206,1.680116599,0.881071586,0.977235416,0.951844862,3.227293968,,
221,xgb,2,moe206,1.166288632,0.92858946,1.06937986,0.946408962,3.070626497,,
222,xgb,4,moe206,1.682794725,0.887098954,1.225692409,0.902967941,2.274754047,,
223,xgb,8,moe206,1.698482676,0.883571294,2.101391868,0.838334157,2.034423351,,
224,xgb,16,moe206,0.918207018,0.950825784,0.820869442,0.960678255,4.883152008,,
225,xgb,32,moe206,1.849399859,0.832484468,2.471303737,0.821036915,2.617592812,,
226,xgb,64,moe206,1.11642993,0.943522356,1.576538662,0.899221356,1.780165672,,
227,xgb,128,moe206,0.824746901,0.957301008,1.731187492,0.825691644,4.787183762,,
228,xgb,256,moe206,1.22169599,0.928643671,1.851273722,0.842563998,6.75950861,,
229,xgb,512,moe206,1.123501775,0.910911879,1.358993847,0.919339952,2.761369467,,
average,,,,1.328166411,0.910402046,1.518386646,0.890808804,3.419607019,,
st.p,,,,0.347016836,0.03713313,0.499948369,0.051885134,1.493975835,,
,,,,,,,,,,
,model,seed,fp_types,valid_rmse,valid_r2,test_rmse,test_r2,time,n_estimators,
0,rf,1,MorganFP,1.607599698,0.891731503,1.590382791,0.877618407,2.747311115,500,
1,rf,2,MorganFP,2.542840024,0.673067376,1.659350777,0.870139054,2.829099417,500,
2,rf,4,MorganFP,1.527322791,0.902033263,1.092979639,0.924371591,2.793459654,500,
3,rf,8,MorganFP,1.23572638,0.942087082,1.345497301,0.934839659,2.77981925,500,
4,rf,16,MorganFP,0.743703428,0.965334086,0.661092091,0.975367443,2.779106617,500,
5,rf,32,MorganFP,1.534574858,0.892975759,2.068340911,0.874279091,2.812820196,500,
6,rf,64,MorganFP,1.230766161,0.92683072,1.357695666,0.905805405,2.799053907,500,
7,rf,128,MorganFP,1.114164603,0.928922364,1.621060194,0.8578401,2.811413527,500,
8,rf,256,MorganFP,0.979907018,0.953641972,1.265376339,0.925827806,2.772321939,500,
9,rf,512,MorganFP,0.790515705,0.958990217,1.285711973,0.93461645,2.807370186,500,
average,,,,1.330712067,0.903561434,1.394748768,0.908070501,2.793177581,,
st.p,,,,0.495125889,0.080899309,0.357067465,0.035450542,0.022715476,,
,,,,,,,,,,
10,rf,1,RDkitFP,2.114122447,0.813987702,1.21055569,0.925127357,3.349174023,500,
11,rf,2,RDkitFP,1.314115991,0.904224647,1.480329084,0.896838054,3.391194582,500,
12,rf,4,RDkitFP,1.561417585,0.911547686,0.889331012,0.9546421,3.271909952,500,
13,rf,8,RDkitFP,1.57724329,0.897265967,1.979257125,0.847452598,3.420257092,500,
14,rf,16,RDkitFP,0.866111659,0.954638873,0.595543985,0.979722989,3.487212896,500,
15,rf,32,RDkitFP,1.477264809,0.900162353,2.06351844,0.876130028,3.398660898,500,
16,rf,64,RDkitFP,1.123058123,0.940550367,0.999782294,0.957112802,3.416747332,500,
17,rf,128,RDkitFP,0.958989552,0.943457389,1.485508765,0.873434642,3.266833305,500,
18,rf,256,RDkitFP,1.055468786,0.946782088,1.406732626,0.909845379,3.441056252,500,
19,rf,512,RDkitFP,0.825529996,0.95559955,1.169949234,0.940993382,3.464096546,500,
average,,,,1.287332224,0.916821662,1.328050826,0.916129933,3.390714288,,
st.p,,,,0.381940918,0.040651307,0.435288128,0.040567392,0.070733082,,
,,,,,,,,,,
20,rf,1,AtomPairFP,2.372558814,0.764340189,1.586519146,0.878061465,3.400970221,500,
21,rf,2,AtomPairFP,2.245850532,0.717679446,2.025206006,0.810974573,3.573117018,500,
22,rf,4,AtomPairFP,2.180308831,0.813170979,1.56837558,0.849433744,3.478407145,500,
23,rf,8,AtomPairFP,2.175183885,0.806933596,2.085724771,0.841839588,3.36758256,500,
24,rf,16,AtomPairFP,1.333732562,0.906563988,1.114948482,0.944037295,3.476750374,500,
25,rf,32,AtomPairFP,2.297030985,0.741843435,2.732158274,0.77812157,3.53474474,500,
26,rf,64,AtomPairFP,1.528054793,0.888081942,1.784593477,0.871934474,3.601390839,500,
27,rf,128,AtomPairFP,1.397864501,0.888590863,1.990832279,0.775927327,3.58307004,500,
28,rf,256,AtomPairFP,1.236106229,0.936016591,2.039925626,0.817816704,3.458723068,500,
29,rf,512,AtomPairFP,0.838276162,0.950545066,1.396526586,0.911695021,3.495127439,500,
average,,,,1.760496729,0.84137661,1.832481023,0.847984176,3.496988344,,
st.p,,,,0.523392794,0.079157297,0.426175342,0.052111564,0.073293197,,
,,,,,,,,,,
30,rf,1,TorsionFP,1.551890432,0.89945999,1.515144028,0.889192703,2.77080369,500,
31,rf,2,TorsionFP,1.514552586,0.871018854,1.034905351,0.947727356,2.827277899,500,
32,rf,4,TorsionFP,1.506848871,0.905520937,1.096752203,0.928003854,2.804388523,500,
33,rf,8,TorsionFP,1.298775168,0.933035371,1.589512703,0.90688087,2.836970568,500,
34,rf,16,TorsionFP,0.831377891,0.956048042,0.686912576,0.97220692,2.803517103,500,
35,rf,32,TorsionFP,1.520324055,0.894041283,2.156518299,0.858026224,2.790322304,500,
36,rf,64,TorsionFP,1.320525665,0.916427603,1.268822615,0.917962846,2.786288023,500,
37,rf,128,TorsionFP,1.162053237,0.923170102,1.681135563,0.84524922,2.815493822,500,
38,rf,256,TorsionFP,1.23820613,0.925974629,1.448868459,0.895567299,2.842287064,500,
39,rf,512,TorsionFP,0.739649329,0.968468005,1.050415877,0.954014179,2.807216644,500,
average,,,,1.268420336,0.919316482,1.352898767,0.911483147,2.808456564,,
st.p,,,,0.273442525,0.027526185,0.394194976,0.038911133,0.02154492,,
,,,,,,,,,,
40,rf,1,AvalonFP,1.587230367,0.893210921,1.438245514,0.898229714,3.016038656,500,
41,rf,2,AvalonFP,1.148091114,0.922928003,1.246000008,0.923135685,3.035283804,500,
42,rf,4,AvalonFP,1.505924087,0.903096603,1.068994479,0.934905863,3.127850294,500,
43,rf,8,AvalonFP,1.078895614,0.952586405,2.051632403,0.83300236,3.155213118,500,
44,rf,16,AvalonFP,0.789568904,0.960333948,0.63125006,0.976765844,3.071681499,500,
45,rf,32,AvalonFP,1.510542578,0.891384355,1.978432182,0.885620543,3.019163847,500,
46,rf,64,AvalonFP,1.128695895,0.938259305,1.284604994,0.916742382,3.133912563,500,
47,rf,128,AvalonFP,1.097046341,0.934854546,1.498239395,0.876713492,3.018157482,500,
48,rf,256,AvalonFP,1.185715191,0.932151521,1.288548695,0.924309747,3.028654814,500,
49,rf,512,AvalonFP,0.896025849,0.949690985,1.187461195,0.942217228,3.035485506,500,
average,,,,1.192773594,0.927849659,1.367340893,0.911164286,3.064144158,,
st.p,,,,0.251704976,0.023423517,0.394312486,0.037808299,0.051616221,,
,,,,,,,,,,
50,rf,1,EstateFP,2.393947079,0.767707705,1.52476031,0.884730096,3.025374651,500,
51,rf,2,EstateFP,2.328776172,0.726666817,1.338882787,0.909703976,2.911282301,500,
52,rf,4,EstateFP,1.500245443,0.908200936,1.28746871,0.90374624,3.000846386,500,
53,rf,8,EstateFP,2.160668528,0.80922766,1.521746099,0.916790292,2.970885992,500,
54,rf,16,EstateFP,0.765646265,0.962974687,0.691444077,0.970640639,3.004749775,500,
55,rf,32,EstateFP,1.839651273,0.831799959,1.897979,0.904818618,2.99708128,500,
56,rf,64,EstateFP,1.38834064,0.902396452,1.599382887,0.871515246,3.001460552,500,
57,rf,128,EstateFP,1.088074945,0.929253068,2.367976264,0.700933801,3.001219988,500,
58,rf,256,EstateFP,1.306414806,0.922810617,1.558567036,0.890555469,3.034692526,500,
59,rf,512,EstateFP,1.519188462,0.845302191,1.01016488,0.954687219,3.006307602,500,
average,,,,1.629095361,0.860634009,1.479837205,0.89081216,2.995390105,,
st.p,,,,0.512881082,0.073038634,0.434387747,0.069506161,0.03229333,,
,,,,,,,,,,
60,rf,1,MACCSFP,1.63410135,0.886901507,1.530173931,0.882303306,3.060551167,500,
61,rf,2,MACCSFP,2.21142802,0.747096034,1.093601782,0.938957307,3.001691341,500,
62,rf,4,MACCSFP,1.666803145,0.884247193,1.428424077,0.869948816,2.987007856,500,
63,rf,8,MACCSFP,1.162464532,0.946041884,1.578675267,0.910818432,2.966386318,500,
64,rf,16,MACCSFP,0.821192401,0.957351131,0.784006016,0.963803861,2.995868206,500,
65,rf,32,MACCSFP,1.758118706,0.847556721,2.054291838,0.876881056,3.008764505,500,
66,rf,64,MACCSFP,1.37463332,0.90806392,1.6136263,0.866629681,3.009890079,500,
67,rf,128,MACCSFP,1.194492704,0.918244134,1.557713175,0.869434857,2.881679535,500,
68,rf,256,MACCSFP,1.19220323,0.931839042,1.987568586,0.810257917,2.881034851,500,
69,rf,512,MACCSFP,1.139435639,0.913921594,1.353600316,0.918462035,3.040997505,500,
average,,,,1.415487305,0.894126316,1.498168129,0.890749727,2.983387136,,
st.p,,,,0.381529104,0.057635977,0.356739947,0.041283161,0.056774153,,
,,,,,,,,,,
70,rf,1,PharmacoErGFP,2.496979995,0.739764584,2.213480742,0.751626577,2.852668285,500,
71,rf,2,PharmacoErGFP,1.811047738,0.846749116,2.144417053,0.778572148,2.818589449,500,
72,rf,4,PharmacoErGFP,1.822611636,0.869186453,1.153209382,0.918178053,2.852094889,500,
73,rf,8,PharmacoErGFP,2.356809338,0.77992081,1.611277767,0.922919523,2.855893135,500,
74,rf,16,PharmacoErGFP,1.759850877,0.812714776,1.332686403,0.909842776,2.858284712,500,
75,rf,32,PharmacoErGFP,1.630387114,0.883518529,3.021696078,0.725733918,2.857121706,500,
76,rf,64,PharmacoErGFP,2.015272486,0.80254649,2.474399833,0.705375086,3.003638506,500,
77,rf,128,PharmacoErGFP,1.871093834,0.776577641,2.010212627,0.770168286,2.836835146,500,
78,rf,256,PharmacoErGFP,1.505547013,0.886648631,2.385589847,0.719154189,2.851049185,500,
79,rf,512,PharmacoErGFP,1.836349359,0.767938687,1.981047736,0.825675087,2.893551111,500,
average,,,,1.910594939,0.816556572,2.032801747,0.802724564,2.867972612,,
st.p,,,,0.290506382,0.049487916,0.52793926,0.081498538,0.048577743,,
,,,,,,,,,,
80,rf,1,PharmacoPFP,2.032003601,0.833532238,1.871439899,0.826576785,2.981969118,500,
81,rf,2,PharmacoPFP,2.193302466,0.726341654,1.935446373,0.821097972,3.023087025,500,
82,rf,4,PharmacoPFP,1.424385848,0.931131453,1.161099306,0.914248401,2.909855127,500,
83,rf,8,PharmacoPFP,2.449712416,0.751632435,2.043321193,0.849601987,3.029031277,500,
84,rf,16,PharmacoPFP,1.814981663,0.814247641,1.280769543,0.911919376,2.976788282,500,
85,rf,32,PharmacoPFP,1.50903033,0.91915888,3.168560879,0.697062678,2.864693165,500,
86,rf,64,PharmacoPFP,1.6499743,0.868847132,2.393522112,0.72000631,2.975259542,500,
87,rf,128,PharmacoPFP,1.332981559,0.897145329,1.700953208,0.839530748,3.002095222,500,
88,rf,256,PharmacoPFP,1.800175787,0.860633228,2.902621341,0.574447739,3.015725374,500,
89,rf,512,PharmacoPFP,1.222953911,0.892615461,1.101035993,0.947307173,3.016655445,500,
average,,,,1.742950188,0.849528545,1.955876985,0.810179917,2.979515958,,
st.p,,,,0.373853161,0.065105348,0.667595293,0.109217733,0.050615187,,
,,,,,,,,,,
90,rf,1,PubChemFP,1.507350466,0.903592608,1.514098921,0.888243331,2.76197958,500,
91,rf,2,PubChemFP,1.724387288,0.83970132,1.611535419,0.870973204,2.776154041,500,
92,rf,4,PubChemFP,2.046646275,0.814733683,1.045826551,0.937985717,2.807659864,500,
93,rf,8,PubChemFP,1.006367419,0.965264435,1.774733195,0.889211216,2.840581179,500,
94,rf,16,PubChemFP,1.585088409,0.838758261,0.707741708,0.970704006,2.766674757,500,
95,rf,32,PubChemFP,1.615238263,0.875312205,2.176249077,0.856607771,2.85064292,500,
96,rf,64,PubChemFP,1.258908476,0.918432259,1.455285903,0.894992054,2.786931753,500,
97,rf,128,PubChemFP,1.02984545,0.939513745,1.456202386,0.889573022,2.835114479,500,
98,rf,256,PubChemFP,1.34850639,0.906349905,1.376775501,0.90974923,2.805401087,500,
99,rf,512,PubChemFP,1.142732271,0.917663354,1.043965226,0.953789789,2.846335649,500,
average,,,,1.426507071,0.891932178,1.416241389,0.906182934,2.807747531,,
st.p,,,,0.314510368,0.045979527,0.391955523,0.034873962,0.032209769,,
,,,,,,,,,,
100,rf,1,MHFP6,2.11380594,0.81771912,1.331535674,0.913156321,3.81013155,500,
101,rf,2,MHFP6,1.210173833,0.934187634,2.598412471,0.687461193,3.853177786,500,
102,rf,4,MHFP6,1.845432669,0.879837815,1.282165693,0.896419935,3.773869991,500,
103,rf,8,MHFP6,2.023467133,0.853574747,1.910886684,0.882072861,3.828099489,500,
104,rf,16,MHFP6,1.363217229,0.889912101,1.14839064,0.938570181,3.910585642,500,
105,rf,32,MHFP6,2.008841963,0.821113861,2.626484552,0.816640663,3.902298927,500,
106,rf,64,MHFP6,1.096809348,0.945446212,1.416334723,0.935422612,3.781143665,500,
107,rf,128,MHFP6,0.964404554,0.947864387,2.050689017,0.764136508,3.788045406,500,
108,rf,256,MHFP6,1.424935488,0.9057191,2.204619362,0.790543229,3.831460714,500,
109,rf,512,MHFP6,1.159171113,0.906931659,1.353287663,0.922079573,3.742124796,500,
average,,,,1.521025927,0.890230664,1.792280648,0.854650308,3.822093797,,
st.p,,,,0.412132439,0.045064685,0.530825572,0.081075561,0.052013046,,
,,,,,,,,,,
110,rf,1,Property,2.281111662,0.788312044,2.590636491,0.668748205,2.968472004,500,
111,rf,2,Property,2.033206154,0.765431137,2.369815577,0.738066239,3.035108805,500,
112,rf,4,Property,1.770258521,0.881523254,1.639083814,0.827196817,2.989908934,500,
113,rf,8,Property,2.358247417,0.776212198,2.044708409,0.864719708,2.997271299,500,
114,rf,16,Property,1.559758974,0.866456479,1.587796057,0.865776645,3.013637781,500,
115,rf,32,Property,1.89332197,0.830691384,3.370910238,0.639805759,2.994594097,500,
116,rf,64,Property,2.08766014,0.777523419,2.535091644,0.723220926,2.99074316,500,
117,rf,128,Property,1.576707413,0.848595074,2.985656751,0.48734912,3.027852297,500,
118,rf,256,Property,1.762941217,0.846983659,2.979511333,0.564073064,3.019051313,500,
119,rf,512,Property,1.384507812,0.869377763,1.968085123,0.832042981,3.014551163,500,
average,,,,1.870772128,0.825110641,2.407129544,0.721099946,3.005119085,,
st.p,,,,0.303534368,0.041813769,0.568149627,0.124121545,0.019300801,,
,,,,,,,,,,
120,rf,1,Constitution,2.044412387,0.825924707,1.695577014,0.853462127,2.988613129,500,
121,rf,2,Constitution,2.01884604,0.78189527,1.601883094,0.885045685,3.017565966,500,
122,rf,4,Constitution,1.760974691,0.875869009,1.593364011,0.834660168,2.992446184,500,
123,rf,8,Constitution,2.246704167,0.79020225,2.148380037,0.829819437,2.994189739,500,
124,rf,16,Constitution,1.155986425,0.924015836,1.286215735,0.908304752,2.982870102,500,
125,rf,32,Constitution,1.649460108,0.873848843,2.208841558,0.878961539,2.938583374,500,
126,rf,64,Constitution,1.399541004,0.901350078,1.611599863,0.882171708,3.014296532,500,
127,rf,128,Constitution,1.401521015,0.885858596,2.203433321,0.717283253,3.005782366,500,
128,rf,256,Constitution,1.169057229,0.933814546,1.469572403,0.91493931,3.035804749,500,
129,rf,512,Constitution,1.137105189,0.906239578,1.46642595,0.903154221,3.036638975,500,
average,,,,1.598360826,0.869901871,1.728529299,0.86078022,3.000679112,,
st.p,,,,0.386807703,0.050655261,0.318272482,0.055362509,0.027298512,,
,,,,,,,,,,
130,rf,1,Autocorr,2.502451993,0.734690804,1.976885854,0.809208844,3.096982002,500,
131,rf,2,Autocorr,1.884808433,0.810428037,1.776788706,0.861860144,3.305375338,500,
132,rf,4,Autocorr,1.945776092,0.874113519,1.839700266,0.780997062,3.392052889,500,
133,rf,8,Autocorr,2.658416388,0.711365031,2.226855313,0.831542945,3.199197054,500,
134,rf,16,Autocorr,1.621276523,0.861253408,1.692426408,0.886642637,3.403225422,500,
135,rf,32,Autocorr,1.770549773,0.873672493,2.762148938,0.813046315,3.434994698,500,
136,rf,64,Autocorr,1.726414667,0.887280779,2.484516017,0.706600724,3.37207222,500,
137,rf,128,Autocorr,1.360818166,0.906778645,2.507384599,0.633656614,3.352386713,500,
138,rf,256,Autocorr,1.439525075,0.913331892,2.203109275,0.822030132,3.301169872,500,
139,rf,512,Autocorr,1.833243862,0.758425903,2.148418496,0.792306661,3.414155245,500,
average,,,,1.874328097,0.833134051,2.161823387,0.793789208,3.327161145,,
st.p,,,,0.395684999,0.070367681,0.331149157,0.070354121,0.101169911,,
,,,,,,,,,,
140,rf,1,Fragment,2.294206661,0.785259034,1.897786605,0.823548425,2.904576302,500,
141,rf,2,Fragment,1.913342477,0.804024052,1.662869159,0.859389257,3.004284859,500,
142,rf,4,Fragment,1.823404392,0.857035144,1.05068794,0.928517381,2.971678734,500,
143,rf,8,Fragment,1.439719865,0.917439585,1.897772386,0.870578057,2.983175755,500,
144,rf,16,Fragment,0.897813227,0.949924361,0.600375105,0.978193632,3.038122416,500,
145,rf,32,Fragment,1.678858026,0.863739098,2.012158763,0.884223558,3.033122063,500,
146,rf,64,Fragment,1.31447675,0.911886452,1.223761726,0.926455551,2.996316195,500,
147,rf,128,Fragment,1.022813359,0.943551237,1.135434236,0.92786019,2.975274801,500,
148,rf,256,Fragment,1.359906782,0.904445118,2.705093955,0.65130585,2.999567747,500,
149,rf,512,Fragment,1.27918917,0.890956492,1.420705793,0.920077711,3.021509171,500,
average,,,,1.502373071,0.882826057,1.560664567,0.877014961,2.992762804,,
st.p,,,,0.404340526,0.052463686,0.569863948,0.08601219,0.036501436,,
,,,,,,,,,,
150,rf,1,Charge,2.406674024,0.756999915,1.784389082,0.839739607,2.986304283,500,
151,rf,2,Charge,2.280013197,0.723028435,2.172661972,0.75845394,3.045722008,500,
152,rf,4,Charge,1.666938215,0.887985406,1.21669097,0.903449327,2.992948055,500,
153,rf,8,Charge,1.457636777,0.923963145,1.806270579,0.878585528,2.92683506,500,
154,rf,16,Charge,0.963428651,0.947676987,0.828910322,0.963105094,3.017802477,500,
155,rf,32,Charge,1.657088293,0.87387738,2.299768705,0.853581067,2.994275331,500,
156,rf,64,Charge,1.509645933,0.882692698,1.536036616,0.893201236,2.911824703,500,
157,rf,128,Charge,1.036716599,0.93490799,1.5530647,0.860117093,3.019520998,500,
158,rf,256,Charge,1.084503306,0.950604077,2.356885432,0.746381532,3.044685602,500,
159,rf,512,Charge,1.110312369,0.915168405,1.453835388,0.909582488,2.999961376,500,
average,,,,1.517295736,0.879690444,1.700851377,0.860619691,2.993987989,,
st.p,,,,0.480515766,0.074582981,0.462005828,0.063319262,0.042216024,,
,,,,,,,,,,
160,rf,1,Estate,2.35335869,0.768577679,1.800602071,0.837482533,3.012983561,500,
161,rf,2,Estate,1.867116393,0.809148618,1.220766349,0.928781664,2.924435854,500,
162,rf,4,Estate,1.567916476,0.902057786,1.040177628,0.929693018,2.929063797,500,
163,rf,8,Estate,1.823530747,0.86622905,1.923946753,0.870165292,2.916383266,500,
164,rf,16,Estate,1.072818751,0.939031221,0.933851981,0.954027549,2.86241293,500,
165,rf,32,Estate,1.496882711,0.900356214,1.9918905,0.894130968,2.98837328,500,
166,rf,64,Estate,1.179438719,0.928789457,1.528504473,0.888820687,3.010804653,500,
167,rf,128,Estate,1.04655973,0.933837226,1.949959064,0.784886014,2.947972298,500,
168,rf,256,Estate,0.996365239,0.951671268,2.081109301,0.799509712,2.947345972,500,
169,rf,512,Estate,1.202689558,0.898876105,1.497677334,0.902536906,2.973575592,500,
average,,,,1.460667701,0.889857462,1.596848545,0.879003434,2.95133512,,
st.p,,,,0.423049952,0.056400654,0.396125361,0.053417607,0.044248403,,
,,,,,,,,,,
170,rf,1,Connectivity,2.308055842,0.784395427,1.145170503,0.943195432,2.80601573,500,
171,rf,2,Connectivity,1.295672749,0.914261884,2.069778071,0.800968086,2.816220045,500,
172,rf,4,Connectivity,2.218236622,0.817153641,1.664363064,0.824617916,2.818350315,500,
173,rf,8,Connectivity,2.523156873,0.734755861,3.021104466,0.635662681,2.815910339,500,
174,rf,16,Connectivity,1.858537971,0.792696361,1.113064632,0.932768175,2.816277504,500,
175,rf,32,Connectivity,1.868238177,0.841781411,2.568052003,0.833291633,2.778895378,500,
176,rf,64,Connectivity,1.407844528,0.905132786,1.860905855,0.842158307,2.786799908,500,
177,rf,128,Connectivity,1.441928379,0.867775875,2.38167176,0.671180181,2.852607489,500,
178,rf,256,Connectivity,1.532656871,0.887292408,1.70398153,0.887175175,2.816952229,500,
179,rf,512,Connectivity,1.278684423,0.884179198,1.662122149,0.874889636,2.820231676,500,
average,,,,1.773301244,0.842942485,1.919021403,0.824590722,2.812826061,,
st.p,,,,0.428549045,0.056179497,0.57458506,0.096118254,0.018955012,,
,,,,,,,,,,
180,rf,1,Topology,3.1838097,0.575191665,2.795207975,0.603315003,3.001906872,500,
181,rf,2,Topology,2.517724408,0.627957255,3.098908256,0.514850202,3.001100779,500,
182,rf,4,Topology,2.972927378,0.63113938,3.160493552,0.396244666,2.987915754,500,
183,rf,8,Topology,3.039862388,0.602823165,3.104225194,0.605739625,2.997395754,500,
184,rf,16,Topology,2.24314769,0.695068849,2.371820077,0.659840077,2.998443842,500,
185,rf,32,Topology,2.265438305,0.757368604,2.994441434,0.752386563,2.989081383,500,
186,rf,64,Topology,2.500660206,0.68320866,2.689039422,0.674146125,3.004708767,500,
187,rf,128,Topology,2.453373164,0.601582333,2.900193188,0.520840061,3.02830267,500,
188,rf,256,Topology,2.336474185,0.712415242,2.803016822,0.627681818,2.973252058,500,
189,rf,512,Topology,1.897398912,0.739939496,2.239655953,0.784485047,2.994757414,500,
average,,,,2.541081634,0.662669465,2.815700187,0.613952919,2.997686529,,
st.p,,,,0.384601107,0.060041213,0.294432287,0.109650023,0.013386284,,
,,,,,,,,,,
190,rf,1,Kappa,2.58403677,0.726639235,3.179097181,0.490098746,3.049162388,500,
191,rf,2,Kappa,3.683074216,0.314739121,2.324648636,0.725549377,2.974514723,500,
192,rf,4,Kappa,2.788172957,0.669932015,2.696599394,0.554240318,3.018835545,500,
193,rf,8,Kappa,3.022362512,0.611689525,2.953041574,0.649772051,3.007829905,500,
194,rf,16,Kappa,2.065896809,0.7467344,2.537185425,0.611678855,2.990583658,500,
195,rf,32,Kappa,2.164462999,0.79396303,3.468042873,0.618826025,2.991592884,500,
196,rf,64,Kappa,2.387743606,0.720088589,3.60017685,0.370711337,3.025692701,500,
197,rf,128,Kappa,2.871466247,0.466098127,2.587609445,0.614105414,3.058854818,500,
198,rf,256,Kappa,2.334593074,0.72691598,2.441217547,0.726662288,3.025565863,500,
199,rf,512,Kappa,2.558432659,0.552627236,2.316625544,0.75809298,2.989657879,500,
average,,,,2.646024185,0.632942726,2.810424447,0.611973739,3.013229036,,
st.p,,,,0.45075443,0.141930135,0.443375861,0.111927757,0.026031472,,
,,,,,,,,,,
200,rf,1,Path,2.842945999,0.661948928,2.038081977,0.795774972,2.967264652,500,
201,rf,2,Path,1.668124299,0.84409425,2.489774257,0.686933893,2.985064983,500,
202,rf,4,Path,2.31283764,0.784859171,2.594306067,0.590266922,3.005904675,500,
203,rf,8,Path,3.036436661,0.599846373,3.181903067,0.586380528,3.041028023,500,
204,rf,16,Path,1.570691895,0.846035073,1.768607564,0.822220538,2.99438262,500,
205,rf,32,Path,2.419098875,0.712371565,2.540894515,0.822393247,3.002980471,500,
206,rf,64,Path,2.419527056,0.701531523,2.306799534,0.746254347,3.019779205,500,
207,rf,128,Path,1.433848913,0.871453936,2.988228826,0.493326597,2.991781712,500,
208,rf,256,Path,1.854740605,0.827515257,2.712222755,0.66664617,2.985516787,500,
209,rf,512,Path,1.270270762,0.883146423,1.906518953,0.836510876,3.025895357,500,
average,,,,2.082852271,0.77328025,2.452733752,0.704670809,3.001959849,,
st.p,,,,0.57742594,0.092964382,0.432963807,0.113399806,0.020866097,,
,,,,,,,,,,
210,rf,1,InfoContent,3.048869389,0.618035401,2.459130077,0.733445397,2.806941509,500,
211,rf,2,InfoContent,2.188852472,0.735822707,2.731175718,0.619501384,2.99421525,500,
212,rf,4,InfoContent,2.337409907,0.793058102,2.833288785,0.518308736,2.811137199,500,
213,rf,8,InfoContent,2.575924341,0.735600198,2.62142411,0.743460429,2.815415859,500,
214,rf,16,InfoContent,2.214759979,0.720860013,2.271265845,0.70480466,2.850717306,500,
215,rf,32,InfoContent,2.696199783,0.647232622,3.609653017,0.614530151,2.801133394,500,
216,rf,64,InfoContent,2.189700944,0.788605734,2.596035482,0.691992274,2.821934223,500,
217,rf,128,InfoContent,2.586719241,0.584062477,2.592269476,0.615180831,2.854684353,500,
218,rf,256,InfoContent,2.330631945,0.722602648,3.077143513,0.575238212,2.827955723,500,
219,rf,512,InfoContent,1.846252892,0.754449565,2.45930388,0.761238848,2.833110094,500,
average,,,,2.401532089,0.710032947,2.72506899,0.657770092,2.841724491,,
st.p,,,,0.318283508,0.067014702,0.362010179,0.076529596,0.053519082,,
,,,,,,,,,,
220,rf,1,moe206,2.149558368,0.805809788,1.356152644,0.909095266,2.871622086,500,
221,rf,2,moe206,2.318052936,0.71384155,1.868536434,0.832358917,2.9133389,500,
222,rf,4,moe206,1.864619645,0.851773927,1.402416256,0.87218152,2.934124708,500,
223,rf,8,moe206,1.784352431,0.878676641,2.250469391,0.807068982,2.964805365,500,
224,rf,16,moe206,1.07440432,0.933216725,0.848180839,0.963386377,2.836304665,500,
225,rf,32,moe206,1.793113873,0.851062891,2.684865945,0.783299769,3.008929014,500,
226,rf,64,moe206,1.130046036,0.93829317,1.383155484,0.919076059,2.872765779,500,
227,rf,128,moe206,1.186720303,0.91484,1.882572359,0.794687194,2.894105196,500,
228,rf,256,moe206,1.816636685,0.832662028,1.701696133,0.873410052,2.975178242,500,
229,rf,512,moe206,1.078071375,0.915776347,1.338513373,0.92201222,2.96037221,500,
average,,,,1.619557597,0.863595307,1.671655886,0.867657636,2.923154617,,
st.p,,,,0.440719907,0.065591361,0.49901199,0.058215822,0.05194396,,
,,,,,,,,,,
,model,seed,fp_types,valid_rmse,valid_r2,test_rmse,test_r2,time,n_neighbors,weights
0,knn,1,MorganFP,1.872300226,0.86139068,1.015517842,0.950401933,0.092792988,3,distance
1,knn,2,MorganFP,0.79970984,0.967021727,1.176266544,0.9352189,0.088561535,3,distance
2,knn,4,MorganFP,1.374731906,0.918093366,0.998378301,0.944002266,0.083003283,7,distance
3,knn,8,MorganFP,1.641720135,0.882998742,1.346845244,0.930735424,0.08453536,3,distance
4,knn,16,MorganFP,0.684062766,0.971489883,0.430967283,0.989166322,0.082954645,3,distance
5,knn,32,MorganFP,1.4676677,0.895512746,1.929249391,0.879702872,0.084341526,1,uniform
6,knn,64,MorganFP,1.024456558,0.951063378,1.057320121,0.942952154,0.083662271,5,distance
7,knn,128,MorganFP,1.293615175,0.919296207,1.875076178,0.807407492,0.084951401,3,distance
8,knn,256,MorganFP,1.090257418,0.937545463,1.128543618,0.935810363,0.083389997,5,distance
9,knn,512,MorganFP,0.847881646,0.960903122,1.337387218,0.92859292,0.084965706,3,uniform
average,,,,1.209640337,0.926531531,1.229555174,0.924399065,0.085315871,,
st.p,,,,0.367475939,0.035762251,0.413685792,0.046464235,0.002926131,,
,,,,,,,,,,
10,knn,1,RDkitFP,2.047440777,0.828488191,1.017147584,0.947217837,0.082610607,3,distance
11,knn,2,RDkitFP,0.755788671,0.967455582,2.884300491,0.64797065,0.085477829,3,distance
12,knn,4,RDkitFP,1.496559347,0.908621686,1.406135336,0.873044102,0.082933426,11,distance
13,knn,8,RDkitFP,1.735856049,0.869945858,1.395432924,0.927777046,0.082217216,5,distance
14,knn,16,RDkitFP,0.729640632,0.970549069,0.510765579,0.985197232,0.084980965,1,uniform
15,knn,32,RDkitFP,1.562456041,0.883159611,1.653498333,0.912519686,0.082590818,1,uniform
16,knn,64,RDkitFP,0.976751223,0.956088918,0.675092486,0.977434238,0.083343029,5,distance
17,knn,128,RDkitFP,0.988599844,0.943607301,1.834781299,0.811663051,0.082726479,3,distance
18,knn,256,RDkitFP,1.112730793,0.938085437,0.763635979,0.970724858,0.083015203,3,distance
19,knn,512,RDkitFP,0.899610414,0.949666493,1.032106148,0.952938353,0.082599401,11,distance
average,,,,1.230543379,0.921566815,1.317289616,0.900648705,0.083249497,,
st.p,,,,0.427344349,0.044962316,0.662661478,0.098112974,0.001035896,,
,,,,,,,,,,
20,knn,1,AtomPairFP,1.887735157,0.850526469,2.011235297,0.796257006,0.099647999,5,distance
21,knn,2,AtomPairFP,2.167246882,0.723869416,2.039779474,0.801165938,0.08318758,5,distance
22,knn,4,AtomPairFP,1.596035792,0.889647997,1.024477943,0.932808831,0.083146572,5,distance
23,knn,8,AtomPairFP,1.610900708,0.893052454,1.530671446,0.904689908,0.084466457,3,distance
24,knn,16,AtomPairFP,1.178232559,0.91025482,1.101134621,0.927532898,0.083791256,7,distance
25,knn,32,AtomPairFP,1.742441992,0.854075166,2.465765592,0.809574302,0.082880735,1,uniform
26,knn,64,AtomPairFP,1.056864873,0.94345405,1.393909085,0.904309849,0.084203243,5,distance
27,knn,128,AtomPairFP,1.199440148,0.931993991,1.680498073,0.842798491,0.085729122,3,distance
28,knn,256,AtomPairFP,0.866670256,0.96292211,1.304447758,0.914448425,0.083442926,1,uniform
29,knn,512,AtomPairFP,0.91870071,0.946580156,1.312411122,0.929031869,0.083524704,3,distance
average,,,,1.422426908,0.890637663,1.586433041,0.876261752,0.085402059,,
st.p,,,,0.417724281,0.066335161,0.437508919,0.054102876,0.00481323,,
,,,,,,,,,,
30,knn,1,TorsionFP,1.988566575,0.845577586,1.024307211,0.948512996,0.082768917,3,distance
31,knn,2,TorsionFP,0.790467556,0.966657908,2.337448724,0.748774927,0.085399151,7,distance
32,knn,4,TorsionFP,1.703307491,0.87487693,1.246293841,0.905274578,0.083247185,11,distance
33,knn,8,TorsionFP,1.837421564,0.858419953,1.394986944,0.926567164,0.082731247,3,uniform
34,knn,16,TorsionFP,0.708448691,0.971562992,0.578787341,0.979618863,0.083629608,1,uniform
35,knn,32,TorsionFP,1.476456085,0.893131777,1.557068598,0.921427596,0.082637072,1,uniform
36,knn,64,TorsionFP,0.99228547,0.952691725,1.36054245,0.905526951,0.083864212,7,distance
37,knn,128,TorsionFP,1.26014836,0.919453062,2.445713809,0.688897222,0.086716413,5,distance
38,knn,256,TorsionFP,1.146673659,0.930389918,1.120760172,0.938247658,0.083898544,5,distance
39,knn,512,TorsionFP,0.924608076,0.946221332,1.506862028,0.90718423,0.083287001,5,uniform
average,,,,1.282838353,0.915898318,1.457277112,0.887003219,0.083817935,,
st.p,,,,0.427089573,0.043151839,0.53798965,0.087849153,0.001234056,,
,,,,,,,,,,
40,knn,1,AvalonFP,2.367238654,0.776173746,1.044176574,0.946882604,0.084853411,3,distance
41,knn,2,AvalonFP,0.831397427,0.961037572,2.038482432,0.803425724,0.088698864,5,distance
42,knn,4,AvalonFP,1.428102739,0.918020477,1.142265631,0.917015877,0.083273172,11,distance
43,knn,8,AvalonFP,2.162249988,0.797221635,1.870628574,0.873242561,0.082799911,13,distance
44,knn,16,AvalonFP,0.637722944,0.975591128,0.512513246,0.984223126,0.083922863,3,distance
45,knn,32,AvalonFP,1.421764108,0.900334687,1.73050077,0.908331738,0.082903385,3,distance
46,knn,64,AvalonFP,1.023253368,0.949351805,1.215788818,0.924642978,0.083975315,7,distance
47,knn,128,AvalonFP,1.22932772,0.921418145,2.416189987,0.695025166,0.083325148,5,distance
48,knn,256,AvalonFP,1.191420918,0.926583985,1.136200753,0.934230902,0.083583355,5,distance
49,knn,512,AvalonFP,0.79863302,0.962328034,1.03778521,0.954166298,0.083676338,3,uniform
average,,,,1.309111089,0.908806121,1.4144532,0.894118697,0.084101176,,
st.p,,,,0.539983415,0.065093117,0.546290068,0.081286424,0.001631461,,
,,,,,,,,,,
50,knn,1,EstateFP,2.408980365,0.768747146,1.428981035,0.904500447,0.038781166,5,distance
51,knn,2,EstateFP,2.197395147,0.758696098,1.74712591,0.845734194,0.038878202,13,distance
52,knn,4,EstateFP,1.3589379,0.922600937,1.466738125,0.881497464,0.038571835,3,uniform
53,knn,8,EstateFP,2.160751085,0.806981378,1.852642103,0.871028155,0.038800955,13,distance
54,knn,16,EstateFP,0.589411605,0.980920731,0.755155192,0.966113988,0.042090893,3,distance
55,knn,32,EstateFP,1.790951498,0.838498532,1.83979808,0.906545502,0.038782597,5,distance
56,knn,64,EstateFP,1.228192675,0.925243475,1.623426425,0.870362745,0.039022207,5,distance
57,knn,128,EstateFP,1.292110603,0.898201658,2.691169714,0.648566154,0.039058447,1,uniform
58,knn,256,EstateFP,1.330922471,0.912868454,1.556556911,0.884942399,0.039010763,3,uniform
59,knn,512,EstateFP,1.377658175,0.869474093,1.401155209,0.915112767,0.039304495,11,distance
average,,,,1.573531152,0.86822325,1.63627487,0.869440382,0.039230156,,
st.p,,,,0.528157501,0.069518518,0.460783483,0.079858761,0.000972295,,
,,,,,,,,,,
60,knn,1,MACCSFP,2.417980305,0.765924368,1.108502199,0.939090886,0.041099072,5,distance
61,knn,2,MACCSFP,2.257405968,0.745528085,1.944742442,0.820765906,0.041069269,11,distance
62,knn,4,MACCSFP,1.403903183,0.918300804,1.330701788,0.888451642,0.04087472,5,distance
63,knn,8,MACCSFP,1.670482811,0.881217473,1.459569299,0.921578553,0.041500568,3,distance
64,knn,16,MACCSFP,0.649378586,0.980593093,0.548270376,0.981877931,0.041055918,1,uniform
65,knn,32,MACCSFP,1.43256536,0.899817409,2.1075601,0.861783963,0.041334867,3,distance
66,knn,64,MACCSFP,1.097163224,0.94128656,1.887629226,0.819672755,0.041786194,5,uniform
67,knn,128,MACCSFP,1.5079182,0.872059318,2.266143812,0.728672329,0.041796446,3,distance
68,knn,256,MACCSFP,1.327560347,0.91292979,1.426706597,0.895832042,0.041118622,1,uniform
69,knn,512,MACCSFP,1.165568732,0.919822984,1.64863928,0.879959797,0.041730404,5,distance
average,,,,1.492992672,0.883747988,1.572846512,0.87376858,0.041336608,,
st.p,,,,0.498616455,0.070302876,0.486612127,0.067759386,0.000326049,,
,,,,,,,,,,
70,knn,1,PharmacoErGFP,1.804680133,0.863958692,0.892944127,0.962688694,0.048057079,1,uniform
71,knn,2,PharmacoErGFP,2.31722713,0.764648574,1.905071546,0.832385708,0.048071861,1,uniform
72,knn,4,PharmacoErGFP,1.797214008,0.861710685,0.738427673,0.967738002,0.047378063,1,uniform
73,knn,8,PharmacoErGFP,1.839827179,0.852748046,1.483957787,0.909811903,0.047846794,1,uniform
74,knn,16,PharmacoErGFP,1.587320272,0.837211066,1.322367172,0.899225572,0.047982931,3,distance
75,knn,32,PharmacoErGFP,1.876299899,0.83096738,2.36763026,0.826204893,0.047745943,1,uniform
76,knn,64,PharmacoErGFP,1.952748112,0.808488156,3.571922112,0.407983207,0.047938347,3,uniform
77,knn,128,PharmacoErGFP,1.678181102,0.835123899,2.032193883,0.772724249,0.048046589,1,uniform
78,knn,256,PharmacoErGFP,0.947739108,0.952970987,1.266606643,0.922746363,0.047719717,3,distance
79,knn,512,PharmacoErGFP,1.565611528,0.840293367,1.574500557,0.897879721,0.047697306,3,distance
average,,,,1.736684847,0.844812085,1.715562176,0.839938831,0.047848463,,
st.p,,,,0.33159681,0.04530213,0.779014062,0.155357873,0.000207378,,
,,,,,,,,,,
80,knn,1,PharmacoPFP,2.15185008,0.804365144,1.911408727,0.821255958,0.046001673,3,distance
81,knn,2,PharmacoPFP,2.206468875,0.729081067,2.242065063,0.744933209,0.044259548,5,distance
82,knn,4,PharmacoPFP,1.279381277,0.93848126,1.176147464,0.933065194,0.043763399,1,uniform
83,knn,8,PharmacoPFP,1.633609805,0.891178111,2.115711455,0.828290832,0.044496536,3,distance
84,knn,16,PharmacoPFP,1.429043845,0.874175942,0.848552072,0.959511739,0.044661522,1,uniform
85,knn,32,PharmacoPFP,1.626034059,0.873176643,2.981465808,0.712035035,0.043834686,3,distance
86,knn,64,PharmacoPFP,1.379095159,0.912264854,1.955567106,0.824765928,0.044693947,3,uniform
87,knn,128,PharmacoPFP,1.499012302,0.857944251,1.91028211,0.805775825,0.044567108,1,uniform
88,knn,256,PharmacoPFP,1.336878997,0.916888726,1.398078912,0.906683013,0.044139147,1,uniform
89,knn,512,PharmacoPFP,1.531358131,0.83101905,1.413987843,0.910935875,0.044746876,5,distance
average,,,,1.607273253,0.862857505,1.795326656,0.844725261,0.044516444,,
st.p,,,,0.306363444,0.058712331,0.578316917,0.077138816,0.000596217,,
,,,,,,,,,,
90,knn,1,PubChemFP,1.090520376,0.952305865,1.108894462,0.946389073,0.057638884,1,uniform
91,knn,2,PubChemFP,1.201660329,0.927186422,2.74997012,0.65960975,0.061034679,5,distance
92,knn,4,PubChemFP,1.633736129,0.881919208,1.267294259,0.920567042,0.057319641,1,uniform
93,knn,8,PubChemFP,1.070633611,0.961085272,1.399860778,0.929335402,0.058074713,3,distance
94,knn,16,PubChemFP,1.116531998,0.919927717,1.008655019,0.937309362,0.057720423,7,distance
95,knn,32,PubChemFP,1.51327148,0.891278197,1.916475013,0.882084124,0.05885458,1,uniform
96,knn,64,PubChemFP,1.06209093,0.942098602,1.460699091,0.909908877,0.057549715,1,uniform
97,knn,128,PubChemFP,1.046344567,0.933829558,0.995433789,0.943276081,0.057159901,1,uniform
98,knn,256,PubChemFP,1.634180925,0.85998849,1.054863383,0.94745439,0.056867599,3,distance
99,knn,512,PubChemFP,1.150508164,0.920153018,1.081380569,0.949286097,0.057483196,7,distance
average,,,,1.251947851,0.918977235,1.404352648,0.90252202,0.057970333,,
st.p,,,,0.229904935,0.03054334,0.522730934,0.083381288,0.001143056,,
,,,,,,,,,,
100,knn,1,MHFP6,2.244286529,0.797182094,1.022440363,0.947438604,0.084609747,3,distance
101,knn,2,MHFP6,0.906084496,0.951846861,2.352284326,0.734707414,0.083632708,9,distance
102,knn,4,MHFP6,1.405762216,0.912752997,1.069043719,0.952314524,0.084709883,3,distance
103,knn,8,MHFP6,1.709703032,0.873395891,1.197611546,0.946619199,0.08292532,5,distance
104,knn,16,MHFP6,0.661281674,0.974529053,0.533688178,0.983797081,0.085467339,1,uniform
105,knn,32,MHFP6,1.417262173,0.902959921,2.174756162,0.858419322,0.083245516,3,distance
106,knn,64,MHFP6,0.945710311,0.956336045,1.386792171,0.902578017,0.085651636,9,distance
107,knn,128,MHFP6,1.275228741,0.919062261,2.079037766,0.770270426,0.083621025,5,distance
108,knn,256,MHFP6,0.97303985,0.95594791,1.488793902,0.886952522,0.085365295,3,distance
109,knn,512,MHFP6,0.866286534,0.955924824,1.165429667,0.94580885,0.084896088,3,uniform
average,,,,1.240464556,0.919993786,1.44698778,0.892890596,0.084412456,,
st.p,,,,0.450921349,0.050488352,0.552515064,0.078633824,0.000934089,,
,,,,,,,,,,
110,knn,1,Property,3.226208808,0.571978076,3.687740239,0.409244424,0.038976431,5,distance
111,knn,2,Property,3.33052813,0.388948532,2.529997544,0.674608507,0.038361311,7,distance
112,knn,4,Property,2.396120435,0.771136361,2.92185619,0.49181695,0.019551277,5,distance
113,knn,8,Property,2.727835906,0.687524957,2.96431085,0.644425192,0.019733667,7,distance
114,knn,16,Property,2.888016002,0.478037602,3.153209581,0.413906863,0.019302845,7,distance
115,knn,32,Property,2.23531943,0.748716285,3.685210666,0.558738722,0.019398689,3,distance
116,knn,64,Property,2.792528389,0.622938363,3.654875471,0.346334208,0.019444704,5,distance
117,knn,128,Property,2.547468991,0.61250092,2.980114228,0.509341581,0.019693375,3,distance
118,knn,256,Property,2.308428136,0.717574034,2.497203195,0.689207477,0.019301891,5,distance
119,knn,512,Property,2.792014615,0.480527838,3.019927124,0.607966445,0.019403934,7,distance
average,,,,2.724446884,0.607988297,3.109444509,0.534559037,0.023316812,,
st.p,,,,0.347347525,0.121412168,0.419157964,0.113897306,0.00767851,,
,,,,,,,,,,
120,knn,1,Constitution,2.103124858,0.821081677,1.004787303,0.9504663,0.038343191,1,uniform
121,knn,2,Constitution,1.933701739,0.786644693,2.822648703,0.595568279,0.04152751,13,distance
122,knn,4,Constitution,2.330954444,0.777871426,2.232033229,0.712594883,0.041225195,1,uniform
123,knn,8,Constitution,1.965653304,0.845704029,2.138826511,0.81531682,0.038633108,3,distance
124,knn,16,Constitution,1.379935015,0.881308347,1.266751908,0.903197928,0.038657904,3,distance
125,knn,32,Constitution,1.630834507,0.865321573,3.021416425,0.711867296,0.03868413,1,uniform
126,knn,64,Constitution,1.9790015,0.809013915,2.404895557,0.7142389,0.038225889,3,distance
127,knn,128,Constitution,2.010421325,0.74558924,3.067172907,0.507126368,0.039183378,1,uniform
128,knn,256,Constitution,1.875754813,0.813876777,2.004132565,0.820944096,0.041982889,5,distance
129,knn,512,Constitution,1.991073757,0.737425102,1.80074356,0.855983237,0.038520575,5,distance
average,,,,1.920045526,0.808383678,2.176340867,0.758730411,0.039498377,,
st.p,,,,0.2446719,0.045306062,0.65975854,0.130535359,0.001392809,,
,,,,,,,,,,
130,knn,1,Autocorr,2.117198937,0.81824814,2.396060236,0.71950548,0.051057339,3,distance
131,knn,2,Autocorr,1.470766499,0.883243345,3.34297795,0.516932398,0.04854393,1,uniform
132,knn,4,Autocorr,2.392375195,0.751029983,2.060632086,0.738938109,0.050869465,1,uniform
133,knn,8,Autocorr,2.390559425,0.751503154,2.719833613,0.700250135,0.051014423,3,distance
134,knn,16,Autocorr,2.364665878,0.66760479,1.184550578,0.916682698,0.053017616,1,uniform
135,knn,32,Autocorr,2.345919223,0.724063156,2.700542798,0.765814372,0.051107168,1,uniform
136,knn,64,Autocorr,2.013572494,0.793828383,2.869422303,0.584001868,0.051329851,3,distance
137,knn,128,Autocorr,1.687866656,0.831127558,3.011148347,0.507770111,0.051832199,3,distance
138,knn,256,Autocorr,2.101568654,0.770963188,2.300820309,0.781034412,0.051132917,1,uniform
139,knn,512,Autocorr,1.790320401,0.770326027,2.483581977,0.725775437,0.051576614,3,distance
average,,,,2.067481336,0.776193772,2.50695702,0.695670502,0.051148152,,
st.p,,,,0.309728238,0.056895239,0.563082094,0.120060307,0.001052002,,
,,,,,,,,,,
140,knn,1,Fragment,1.99013416,0.843104423,1.924761036,0.817485708,0.039478779,1,uniform
141,knn,2,Fragment,1.439945353,0.879270177,2.281435539,0.766290941,0.039645433,1,uniform
142,knn,4,Fragment,1.706442043,0.877519733,1.990379507,0.744665754,0.039268494,11,distance
143,knn,8,Fragment,2.151112652,0.807300374,1.807200064,0.874140185,0.03969574,1,uniform
144,knn,16,Fragment,0.683696222,0.973365974,1.177582471,0.919413303,0.039731264,1,uniform
145,knn,32,Fragment,1.438189829,0.901596299,2.294525517,0.83711243,0.039953709,3,distance
146,knn,64,Fragment,1.339026939,0.914349748,1.175572545,0.92976893,0.040042877,1,uniform
147,knn,128,Fragment,1.332294691,0.914915597,2.284324356,0.71864095,0.040147066,1,uniform
148,knn,256,Fragment,0.824758709,0.964203982,1.42663274,0.899529608,0.039580345,1,uniform
149,knn,512,Fragment,1.140939828,0.907764133,2.027413441,0.824229932,0.039525986,5,distance
average,,,,1.404654043,0.898339044,1.838982722,0.833127774,0.039706969,,
st.p,,,,0.439156043,0.047679938,0.41424678,0.06972487,0.00025788,,
,,,,,,,,,,
150,knn,1,Charge,2.473277501,0.741784673,3.633285788,0.381876882,0.040056467,5,distance
151,knn,2,Charge,3.254247709,0.384363444,2.323940613,0.730054352,0.039592743,7,distance
152,knn,4,Charge,2.003156606,0.833479927,2.202980394,0.716207616,0.039428473,3,distance
153,knn,8,Charge,1.68749139,0.882052563,3.811685541,0.511304123,0.039222956,1,uniform
154,knn,16,Charge,2.414252942,0.659865642,2.390192685,0.654053319,0.039261341,3,distance
155,knn,32,Charge,2.454218235,0.711577957,4.032989837,0.492495416,0.039504051,1,distance
156,knn,64,Charge,2.686157575,0.665604516,3.934842233,0.267460169,0.039747,5,distance
157,knn,128,Charge,2.022556339,0.740540744,2.618124056,0.611506502,0.039972067,5,distance
158,knn,256,Charge,1.32527688,0.910216595,3.548287364,0.389328479,0.039851904,1,uniform
159,knn,512,Charge,2.169285689,0.684213188,2.003538003,0.82328769,0.039160967,3,distance
average,,,,2.248992087,0.721369925,3.049986651,0.557757455,0.039579797,,
st.p,,,,0.510683812,0.140277347,0.766775192,0.169544298,0.000302665,,
,,,,,,,,,,
160,knn,1,Estate,2.541408716,0.775312476,1.114091366,0.937720466,0.04470849,1,uniform
161,knn,2,Estate,2.038650105,0.771554057,2.258157771,0.760526921,0.044919729,3,distance
162,knn,4,Estate,2.043531263,0.818878523,0.983848856,0.952776739,0.044411182,1,uniform
163,knn,8,Estate,2.057458777,0.820090395,2.596837367,0.725182947,0.045007229,1,uniform
164,knn,16,Estate,1.193951174,0.918808695,1.025920806,0.941361696,0.044975758,1,uniform
165,knn,32,Estate,1.494959475,0.887935481,1.839263019,0.892237944,0.044886827,1,uniform
166,knn,64,Estate,1.096113503,0.938190422,0.97845031,0.953496877,0.044897795,5,distance
167,knn,128,Estate,1.27706479,0.904299004,2.326293632,0.69749035,0.047767878,3,distance
168,knn,256,Estate,0.723199966,0.974553647,1.801479022,0.835538967,0.044999838,1,uniform
169,knn,512,Estate,1.24680261,0.891704432,1.571872272,0.892375289,0.045030117,3,distance
average,,,,1.571314038,0.870132713,1.649621442,0.85887082,0.045160484,,
st.p,,,,0.538892249,0.066101741,0.579655767,0.093360773,0.000886934,,
,,,,,,,,,,
170,knn,1,Connectivity,2.141164158,0.82388091,2.140347975,0.778356122,0.040445805,1,uniform
171,knn,2,Connectivity,1.966307852,0.798679325,1.878975933,0.819198119,0.040223122,3,distance
172,knn,4,Connectivity,2.359114654,0.753337259,2.530514069,0.625972947,0.039922714,1,distance
173,knn,8,Connectivity,2.54146891,0.725279605,2.717457152,0.703704904,0.040092945,3,distance
174,knn,16,Connectivity,1.34195325,0.886161804,1.58896648,0.851582967,0.040178537,3,distance
175,knn,32,Connectivity,1.975709629,0.807703458,2.857041864,0.751408627,0.040182114,3,distance
176,knn,64,Connectivity,1.771399372,0.843596776,2.663595531,0.64769706,0.040127754,5,distance
177,knn,128,Connectivity,1.571913809,0.836865709,2.792245137,0.587218869,0.04092741,1,uniform
178,knn,256,Connectivity,1.377993659,0.904660559,2.419001614,0.729470532,0.040381432,1,distance
179,knn,512,Connectivity,1.412072659,0.859014467,2.098192058,0.807764385,0.039892197,3,distance
average,,,,1.845909795,0.823917987,2.368633781,0.730237453,0.040237403,,
st.p,,,,0.40093123,0.052717539,0.403523284,0.083818654,0.000282506,,
,,,,,,,,,,
180,knn,1,Topology,3.913368875,0.376142926,4.365119864,0.141398746,0.040196896,13,distance
181,knn,2,Topology,4.015108814,0.090362587,4.132111227,0.163557866,0.039076567,13,uniform
182,knn,4,Topology,3.439073669,0.510080716,3.636708715,0.259692554,0.039370537,11,distance
183,knn,8,Topology,3.676094115,0.415983384,3.392245934,0.533452051,0.039531231,5,distance
184,knn,16,Topology,3.371225101,0.306030796,3.487867893,0.30198265,0.039693117,13,distance
185,knn,32,Topology,3.188975705,0.482136331,4.334379005,0.396106121,0.039715767,13,distance
186,knn,64,Topology,3.459687828,0.395037439,4.080708711,0.179001376,0.039513111,13,distance
187,knn,128,Topology,3.39846288,0.289336466,3.985817889,0.166791052,0.040005445,11,distance
188,knn,256,Topology,3.615059205,0.336039633,3.40906463,0.435181467,0.039627314,13,distance
189,knn,512,Topology,3.113152468,0.368778673,3.312468429,0.542560893,0.039260149,9,distance
average,,,,3.519020866,0.356992895,3.81364923,0.311972478,0.039599013,,
st.p,,,,0.274855911,0.111011235,0.388272233,0.147376181,0.000315894,,
,,,,,,,,,,
190,knn,1,Kappa,2.4603448,0.746909543,3.586584227,0.383869464,0.047852516,3,distance
191,knn,2,Kappa,3.85415365,0.170362876,3.18377373,0.498483946,0.04213953,13,distance
192,knn,4,Kappa,2.931763602,0.66121832,3.526040124,0.31356229,0.023891926,7,distance
193,knn,8,Kappa,3.421762511,0.495346833,2.894191658,0.669177543,0.024226189,7,distance
194,knn,16,Kappa,2.275015655,0.6676667,3.124340864,0.450108096,0.024033308,3,distance
195,knn,32,Kappa,2.411612309,0.71230037,4.092672703,0.498508263,0.024010181,1,uniform
196,knn,64,Kappa,3.111414407,0.516576952,4.131649445,0.172974863,0.023959875,7,distance
197,knn,128,Kappa,3.003937233,0.413828804,2.664365353,0.588234658,0.024163246,5,distance
198,knn,256,Kappa,2.484291069,0.678532931,3.007169113,0.560788788,0.023952961,7,distance
199,knn,512,Kappa,2.848746825,0.477947219,3.318965183,0.532754278,0.023886919,7,distance
average,,,,2.880304206,0.554069055,3.35297524,0.466846219,0.028211665,,
st.p,,,,0.47256105,0.167226643,0.460903223,0.137064682,0.008489471,,
,,,,,,,,,,
200,knn,1,Path,2.207778559,0.815938034,1.663876126,0.864694946,0.018758535,1,uniform
201,knn,2,Path,0.995139461,0.946406285,3.072733113,0.604751474,0.01847291,1,uniform
202,knn,4,Path,2.392794043,0.753058847,2.520680997,0.648277699,0.018758059,1,uniform
203,knn,8,Path,2.824884788,0.66058576,3.330245015,0.554979907,0.018357992,9,distance
204,knn,16,Path,1.663593209,0.82140586,1.866943776,0.810061925,0.018625259,3,distance
205,knn,32,Path,1.795692007,0.849633746,2.293234532,0.840858106,0.018672705,1,uniform
206,knn,64,Path,2.090923456,0.778463343,2.066700654,0.801092493,0.018618107,11,distance
207,knn,128,Path,1.400473165,0.874001635,3.046610725,0.489053919,0.018772364,9,distance
208,knn,256,Path,0.903262592,0.957026153,2.703226798,0.639981395,0.019198179,1,uniform
209,knn,512,Path,1.680746355,0.82771894,2.680012464,0.728315905,0.01918292,1,uniform
average,,,,1.795528764,0.82842386,2.52442642,0.698206777,0.018741703,,
st.p,,,,0.574188162,0.083388732,0.521022428,0.12286056,0.00025644,,
,,,,,,,,,,
210,knn,1,InfoContent,3.521160637,0.478738739,2.968269973,0.559382731,0.039497614,5,distance
211,knn,2,InfoContent,2.904987104,0.51095761,3.926553526,0.313951854,0.047482252,3,distance
212,knn,4,InfoContent,3.160849965,0.561967623,2.405115889,0.625418235,0.039934635,5,distance
213,knn,8,InfoContent,3.616154419,0.434452416,3.484062965,0.530755441,0.039544106,5,distance
214,knn,16,InfoContent,3.401690697,0.35110232,3.674877658,0.262759877,0.040002108,5,distance
215,knn,32,InfoContent,2.625800245,0.652139862,3.614966517,0.603059982,0.040009975,3,distance
216,knn,64,InfoContent,3.519671268,0.40308273,4.944042654,0.044501708,0.039579391,3,distance
217,knn,128,InfoContent,3.137646154,0.394185264,3.406362949,0.330573679,0.04059577,9,distance
218,knn,256,InfoContent,2.662826178,0.658819216,3.194409934,0.510658783,0.039693594,5,distance
219,knn,512,InfoContent,3.124571065,0.330739531,2.971671431,0.630220342,0.039843082,7,distance
average,,,,3.167535773,0.477618531,3.45903335,0.441128263,0.040618253,,
st.p,,,,0.335419467,0.111120971,0.644768968,0.184476609,0.002308175,,
,,,,,,,,,,
220,knn,1,moe206,4.066423784,0.330504492,4.239089535,0.119480113,0.043857098,13,distance
221,knn,2,moe206,4.689582861,0.001157084,4.259001504,0.162443269,0.042304039,13,distance
222,knn,4,moe206,3.526361407,0.508049382,3.471498505,0.267327904,0.042875767,7,distance
223,knn,8,moe206,4.122814502,0.265080684,3.826751982,0.429030951,0.042840004,11,distance
224,knn,16,moe206,3.763829919,0.164255316,3.264519704,0.343858283,0.042969942,11,distance
225,knn,32,moe206,3.219292689,0.498220503,4.905497242,0.221865752,0.043111563,13,distance
226,knn,64,moe206,3.968188345,0.211929464,4.404560216,0.089916292,0.043065548,11,distance
227,knn,128,moe206,3.580213924,0.228651627,4.019197046,0.090390063,0.043446064,13,distance
228,knn,256,moe206,4.042534801,0.165223747,3.598333868,0.377864077,0.045716763,13,distance
229,knn,512,moe206,3.451455032,0.31432804,3.211251151,0.556704231,0.043047428,3,distance
average,,,,3.843069726,0.268740034,3.919970075,0.265888094,0.043323422,,
st.p,,,,0.402281716,0.146254774,0.517482449,0.150216308,0.000883949,,
,,,,,,,,,,
,model,seed,fp_types,valid_rmse,valid_r2,test_rmse,test_r2,time,,
0,svm,1,MorganFP,1.717805612,0.876894583,1.246786354,0.921453626,0.082167864,,
1,svm,2,MorganFP,0.980283318,0.946649144,0.840914823,0.967603868,0.07331562,,
2,svm,4,MorganFP,1.621572905,0.890784366,1.149280435,0.917064735,0.072440147,,
3,svm,8,MorganFP,1.449706215,0.914930653,1.648249545,0.897543036,0.068420887,,
4,svm,16,MorganFP,0.822666885,0.959416626,0.641168815,0.974747741,0.07434535,,
5,svm,32,MorganFP,1.476546178,0.898359703,2.002322347,0.885190739,0.069913149,,
6,svm,64,MorganFP,1.203286912,0.925479977,1.202292509,0.93030105,0.073719978,,
7,svm,128,MorganFP,0.953191631,0.947079615,1.592516732,0.856843292,0.069217682,,
8,svm,256,MorganFP,1.112532673,0.941051316,1.622514769,0.865240725,0.073180437,,
9,svm,512,MorganFP,0.870202778,0.951290024,1.22845926,0.93693805,0.071394205,,
average,,,,1.220779511,0.925193601,1.317450559,0.915292686,0.072811532,,
st.p,,,,0.307954069,0.027175913,0.385499891,0.037615078,0.00365855,,
,,,,,,,,,,
10,svm,1,RDkitFP,1.7471681,0.872136588,0.955960853,0.953536654,0.074070692,,
11,svm,2,RDkitFP,1.004581793,0.945308723,1.231923977,0.928783534,0.070321321,,
12,svm,4,RDkitFP,1.447244544,0.915267794,1.017769432,0.93411879,0.069788456,,
13,svm,8,RDkitFP,1.633331071,0.887269476,1.835683354,0.86899935,0.066313505,,
14,svm,16,RDkitFP,0.899482311,0.951493387,0.521742192,0.983916307,0.070966959,,
15,svm,32,RDkitFP,1.420688747,0.90992142,1.964265734,0.8842898,0.068094015,,
16,svm,64,RDkitFP,1.197539091,0.927062893,1.032207105,0.962378645,0.069043875,,
17,svm,128,RDkitFP,0.946505698,0.94380237,1.645480823,0.844278738,0.069878817,,
18,svm,256,RDkitFP,1.016766151,0.947485818,1.389757105,0.905943284,0.071716309,,
19,svm,512,RDkitFP,0.910462203,0.94581129,1.257515904,0.932633138,0.068042278,,
average,,,,1.222376971,0.924555976,1.285230648,0.919887824,0.069823623,,
st.p,,,,0.300360816,0.026361128,0.416568379,0.041532514,0.002056033,,
,,,,,,,,,,
20,svm,1,AtomPairFP,2.253691075,0.787031404,1.580549243,0.888892827,0.080514193,,
21,svm,2,AtomPairFP,2.164550818,0.739241134,1.88265868,0.821403459,0.07371664,,
22,svm,4,AtomPairFP,1.799524909,0.877820505,1.346830825,0.898195884,0.077419996,,
23,svm,8,AtomPairFP,1.898574852,0.860741136,1.650051426,0.901712109,0.072556734,,
24,svm,16,AtomPairFP,1.519283228,0.862403719,0.990434495,0.94471896,0.076971769,,
25,svm,32,AtomPairFP,1.887241231,0.843527024,2.58271534,0.814379409,0.072730541,,
26,svm,64,AtomPairFP,1.525529944,0.881734516,1.894104732,0.852790112,0.07693696,,
27,svm,128,AtomPairFP,1.377529106,0.889037084,1.858297453,0.799509634,0.074029922,,
28,svm,256,AtomPairFP,1.333532489,0.925436992,1.792274283,0.852550175,0.078284502,,
29,svm,512,AtomPairFP,1.185497968,0.901550918,1.697335898,0.870095591,0.072513819,,
average,,,,1.694495562,0.856852443,1.727525238,0.864424816,0.075567508,,
st.p,,,,0.342428291,0.052656742,0.390026354,0.042958762,0.002671308,,
,,,,,,,,,,
30,svm,1,TorsionFP,1.700266468,0.881981778,1.187036018,0.928067898,0.078742027,,
31,svm,2,TorsionFP,0.976378113,0.944740737,1.050286952,0.950049186,0.073548079,,
32,svm,4,TorsionFP,1.620596841,0.887598914,1.251012163,0.906786048,0.073586226,,
33,svm,8,TorsionFP,1.562000671,0.900346725,1.62069,0.899498373,0.07119441,,
34,svm,16,TorsionFP,1.106656682,0.922126025,0.695463717,0.971449166,0.078092098,,
35,svm,32,TorsionFP,1.579937371,0.884066571,2.010969741,0.884038869,0.071975946,,
36,svm,64,TorsionFP,1.300771028,0.913372442,1.301703402,0.921940609,0.074365854,,
37,svm,128,TorsionFP,1.272645283,0.910536453,1.547740428,0.863984767,0.071273565,,
38,svm,256,TorsionFP,1.227123509,0.925836653,1.417157298,0.8992108,0.077270985,,
39,svm,512,TorsionFP,0.839464298,0.955410676,1.172740447,0.939052439,0.069175005,,
average,,,,1.318584026,0.912601697,1.325480017,0.916407816,0.07392242,,
st.p,,,,0.2769146,0.023797939,0.337062038,0.03051362,0.003050618,,
,,,,,,,,,,
40,svm,1,AvalonFP,2.131030533,0.81481133,1.030818792,0.945574194,0.073582172,,
41,svm,2,AvalonFP,0.871074782,0.95593907,1.026045045,0.950115975,0.071892738,,
42,svm,4,AvalonFP,1.496886783,0.907014588,0.993978878,0.939611454,0.072116137,,
43,svm,8,AvalonFP,1.663019037,0.883604443,1.706622591,0.893982095,0.069209576,,
44,svm,16,AvalonFP,0.774146968,0.962260602,0.684413412,0.971585958,0.075079203,,
45,svm,32,AvalonFP,1.576216892,0.884511666,1.950578753,0.885369648,0.071799278,,
46,svm,64,AvalonFP,1.310943443,0.914698765,1.143640767,0.93942582,0.076547146,,
47,svm,128,AvalonFP,1.056382879,0.93525716,1.810799953,0.813372577,0.072747231,,
48,svm,256,AvalonFP,1.25733684,0.925656044,1.152266725,0.937645738,0.07400465,,
49,svm,512,AvalonFP,1.023809547,0.934142333,1.539479802,0.905634084,0.069842815,,
average,,,,1.31608477,0.9117896,1.303864472,0.918231754,0.072682095,,
st.p,,,,0.391527288,0.040882374,0.396622165,0.043262199,0.002123463,,
,,,,,,,,,,
50,svm,1,EstateFP,2.542398778,0.751999227,1.590907488,0.878682662,0.018878698,,
51,svm,2,EstateFP,2.041912874,0.792231228,0.822452857,0.965899506,0.016966343,,
52,svm,4,EstateFP,1.641221513,0.8855562,1.509057823,0.877676888,0.017654657,,
53,svm,8,EstateFP,2.408901882,0.755446889,1.760007548,0.890233911,0.01665926,,
54,svm,16,EstateFP,0.826272886,0.956694916,0.878160397,0.955268178,0.018074751,,
55,svm,32,EstateFP,2.0518684,0.787337176,2.331208659,0.838052619,0.017754793,,
56,svm,64,EstateFP,1.381584429,0.901941772,1.712442742,0.850613495,0.017499685,,
57,svm,128,EstateFP,1.036668916,0.936599269,2.445683191,0.686247523,0.017870188,,
58,svm,256,EstateFP,1.645044287,0.865802247,1.467951996,0.896505342,0.018038034,,
59,svm,512,EstateFP,2.267659509,0.68812033,1.198481118,0.938123065,0.017147779,,
average,,,,1.784353347,0.832172925,1.571635382,0.877730319,0.017654419,,
st.p,,,,0.549112604,0.084811806,0.509184215,0.075444193,0.000601976,,
,,,,,,,,,,
60,svm,1,MACCSFP,2.248333672,0.789333351,1.155316549,0.931497959,0.019819498,,
61,svm,2,MACCSFP,1.697745327,0.845315407,1.286504203,0.916154011,0.021479607,,
62,svm,4,MACCSFP,1.897446756,0.845846663,1.239959477,0.900977524,0.020183802,,
63,svm,8,MACCSFP,1.474437772,0.910200727,1.493051133,0.913545673,0.019939184,,
64,svm,16,MACCSFP,0.960077466,0.94064293,1.019637887,0.944356895,0.02227211,,
65,svm,32,MACCSFP,1.574495255,0.87985445,1.863635195,0.899349632,0.022384882,,
66,svm,64,MACCSFP,1.394453538,0.901742392,1.363470077,0.909064759,0.020555973,,
67,svm,128,MACCSFP,1.08864695,0.926694377,1.625511475,0.854369835,0.02359128,,
68,svm,256,MACCSFP,1.594131878,0.875410717,1.625432055,0.86729995,0.02013278,,
69,svm,512,MACCSFP,1.063183389,0.939609767,1.509733509,0.90223268,0.020591736,,
average,,,,1.4992952,0.885465078,1.418225156,0.903884892,0.021095085,,
st.p,,,,0.378788294,0.045943873,0.240496373,0.025481577,0.001212085,,
,,,,,,,,,,
70,svm,1,PharmacoErGFP,2.312755084,0.778877761,1.77232408,0.843731138,0.02846384,,
71,svm,2,PharmacoErGFP,1.941845998,0.782691377,1.649274332,0.869687618,0.028017044,,
72,svm,4,PharmacoErGFP,1.771187758,0.879937662,1.291455988,0.89770228,0.028505325,,
73,svm,8,PharmacoErGFP,2.236932379,0.800293219,2.022361763,0.832557599,0.028392553,,
74,svm,16,PharmacoErGFP,1.513102976,0.85452334,1.370068241,0.897332437,0.028260231,,
75,svm,32,PharmacoErGFP,1.504743545,0.887459577,3.276010862,0.660320371,0.027789116,,
76,svm,64,PharmacoErGFP,2.103140898,0.780313186,2.550208027,0.6778562,0.027897835,,
77,svm,128,PharmacoErGFP,1.883812492,0.769035256,1.979265326,0.77407181,0.027504206,,
78,svm,256,PharmacoErGFP,1.406797677,0.897724658,2.150495097,0.767681215,0.028678656,,
79,svm,512,PharmacoErGFP,1.747592998,0.802158296,1.824388856,0.857032732,0.028577566,,
average,,,,1.842191181,0.823301433,1.988585257,0.80779734,0.028208637,,
st.p,,,,0.297108891,0.048196899,0.552968454,0.081017987,0.000367722,,
,,,,,,,,,,
80,svm,1,PharmacoPFP,2.009612522,0.830257809,1.871251216,0.821845708,0.028274298,,
81,svm,2,PharmacoPFP,2.130042114,0.733379448,1.782416957,0.841681208,0.031466484,,
82,svm,4,PharmacoPFP,1.306778926,0.933110483,1.341998838,0.889428228,0.029207468,,
83,svm,8,PharmacoPFP,2.168690304,0.804418743,1.940760573,0.848129907,0.030357122,,
84,svm,16,PharmacoPFP,2.077416146,0.736442162,1.522227314,0.859007051,0.029593229,,
85,svm,32,PharmacoPFP,1.727186794,0.861622915,3.267398353,0.658150135,0.030142069,,
86,svm,64,PharmacoPFP,1.668264318,0.876949728,2.725429286,0.635334206,0.03041935,,
87,svm,128,PharmacoPFP,1.814222318,0.80584411,1.634395735,0.849508728,0.032735109,,
88,svm,256,PharmacoPFP,2.100151776,0.767631438,2.635814888,0.644172872,0.030352592,,
89,svm,512,PharmacoPFP,1.894546326,0.789237625,1.844702819,0.863186634,0.031867266,,
average,,,,1.889691154,0.813889446,2.056639598,0.791044468,0.030441499,,
st.p,,,,0.255042719,0.060098703,0.582337554,0.096524731,0.001240499,,
,,,,,,,,,,
90,svm,1,PubChemFP,1.906277728,0.84627966,1.088028713,0.940206969,0.041572571,,
91,svm,2,PubChemFP,1.045105288,0.94549946,1.81349367,0.842070983,0.040513277,,
92,svm,4,PubChemFP,2.103780809,0.803937027,1.147707687,0.922008541,0.040640354,,
93,svm,8,PubChemFP,1.613503679,0.895539403,1.870976058,0.866347694,0.039324284,,
94,svm,16,PubChemFP,1.01658486,0.933317999,0.656039255,0.975328701,0.041029692,,
95,svm,32,PubChemFP,1.873027119,0.830722529,1.931108994,0.887520598,0.037589073,,
96,svm,64,PubChemFP,1.39247307,0.901345183,1.454077615,0.919086776,0.041072369,,
97,svm,128,PubChemFP,1.060952195,0.936080175,1.704141384,0.83261432,0.041130304,,
98,svm,256,PubChemFP,1.461062893,0.888739334,1.370026851,0.909763962,0.039949656,,
99,svm,512,PubChemFP,1.035727338,0.928173795,1.080422394,0.948715758,0.040655375,,
average,,,,1.450849498,0.890963457,1.411602262,0.90436643,0.040347696,,
st.p,,,,0.389807269,0.046390826,0.398300865,0.044274611,0.001101209,,
,,,,,,,,,,
100,svm,1,MHFP6,2.031163067,0.831271885,1.074234865,0.943995379,0.072882652,,
101,svm,2,MHFP6,1.161214163,0.932369483,1.506628055,0.900882265,0.071891069,,
102,svm,4,MHFP6,1.757001163,0.88920266,1.147337675,0.916489174,0.067646742,,
103,svm,8,MHFP6,1.87370436,0.873151276,1.953439331,0.87529582,0.072257757,,
104,svm,16,MHFP6,0.971825201,0.948109607,0.799482715,0.971169598,0.070464849,,
105,svm,32,MHFP6,1.750860716,0.867686572,2.610944039,0.812671386,0.072111368,,
106,svm,64,MHFP6,1.144652622,0.938257525,1.401540946,0.924285335,0.069144487,,
107,svm,128,MHFP6,0.785994951,0.967304988,1.835366341,0.808060443,0.07152319,,
108,svm,256,MHFP6,1.183936285,0.935883384,2.06328222,0.814739875,0.070551157,,
109,svm,512,MHFP6,1.251503894,0.886563059,1.306157047,0.92555313,0.069976807,,
average,,,,1.391185642,0.906980044,1.569841323,0.889314241,0.070845008,,
st.p,,,,0.402967768,0.04116069,0.516184808,0.055975902,0.001530066,,
,,,,,,,,,,
110,svm,1,Property,4.355953402,0.222820559,3.706615182,0.327270459,0.017039299,,
111,svm,2,Property,3.508554442,0.363357161,4.378641814,0.120165546,0.016919851,,
112,svm,4,Property,4.687630175,0.058620205,3.215479482,0.375183534,0.017384768,,
113,svm,8,Property,4.156333743,0.300698916,6.197160239,0.029728274,0.015915871,,
114,svm,16,Property,3.715682339,0.19734327,4.066659601,0.080216267,0.016789198,,
115,svm,32,Property,5.14205036,0.012641421,6.576813667,0.017336215,0.019287109,,
116,svm,64,Property,3.843959309,0.241544784,3.967826556,0.217242928,0.017616034,,
117,svm,128,Property,3.953316558,0.162435164,4.362519207,0.035889858,0.018370628,,
118,svm,256,Property,3.688900759,0.296585039,4.701473106,0.008006541,0.017028332,,
119,svm,512,Property,3.385963813,0.314825389,4.565003565,0.20881302,0.017134666,,
average,,,,4.04383449,0.217087191,4.573819242,0.141985264,0.017348576,,
st.p,,,,0.522661382,0.107320109,0.998393992,0.126680212,0.000875709,,
,,,,,,,,,,
120,svm,1,Constitution,2.645418974,0.720914565,2.50487909,0.696480477,0.033966541,,
121,svm,2,Constitution,3.185145053,0.473392857,2.808685147,0.665410541,0.030653,,
122,svm,4,Constitution,2.090578846,0.84394467,2.377397919,0.655944399,0.036510468,,
123,svm,8,Constitution,2.493473744,0.752330257,2.486459306,0.746635672,0.043728352,,
124,svm,16,Constitution,1.766561663,0.803435862,1.813709343,0.802789561,0.038188219,,
125,svm,32,Constitution,2.289376814,0.746621956,3.036901679,0.745216528,0.038113832,,
126,svm,64,Constitution,2.042251318,0.800297768,2.418839506,0.703204602,0.047307968,,
127,svm,128,Constitution,2.074947884,0.744320163,2.436759108,0.664112135,0.033209324,,
128,svm,256,Constitution,2.102431948,0.771475221,2.319658005,0.75835498,0.036873341,,
129,svm,512,Constitution,2.311243996,0.669759769,2.571256572,0.705926924,0.033980846,,
average,,,,2.300143024,0.732649309,2.477454568,0.714407582,0.037253189,,
st.p,,,,0.377491304,0.097727503,0.30214027,0.045384672,0.004761962,,
,,,,,,,,,,
130,svm,1,Autocorr,3.534252662,0.504345216,3.182568085,0.512940902,0.041009665,,
131,svm,2,Autocorr,2.983708325,0.477913396,3.402082292,0.4624195,0.041266203,,
132,svm,4,Autocorr,3.375436998,0.557831405,2.467011573,0.621383306,0.043394566,,
133,svm,8,Autocorr,3.508957127,0.496168779,4.065104342,0.377429044,0.044606686,,
134,svm,16,Autocorr,3.154379448,0.424785252,3.131811709,0.41911351,0.039938927,,
135,svm,32,Autocorr,2.999835675,0.555299864,4.519693023,0.350466703,0.044287205,,
136,svm,64,Autocorr,4.007323369,0.229980651,3.36133831,0.428494672,0.043480396,,
137,svm,128,Autocorr,3.062105363,0.463512559,3.303804946,0.371689589,0.043459654,,
138,svm,256,Autocorr,3.337387787,0.465028263,3.189901836,0.528102051,0.042456627,,
139,svm,512,Autocorr,2.519672347,0.576421444,3.405760033,0.477609841,0.041922569,,
average,,,,3.24830591,0.475128683,3.402907615,0.454964912,0.04258225,,
st.p,,,,0.381583416,0.093648491,0.523506225,0.079262958,0.001445154,,
,,,,,,,,,,
140,svm,1,Fragment,1.706131617,0.876790627,1.26212235,0.918594957,0.110138178,,
141,svm,2,Fragment,2.167259603,0.759377593,1.22552946,0.927728069,0.104672432,,
142,svm,4,Fragment,2.345394441,0.762267144,1.11678407,0.919984133,0.108128548,,
143,svm,8,Fragment,1.395852964,0.928198069,1.630313964,0.903262571,0.118545055,,
144,svm,16,Fragment,0.818517084,0.961801145,0.805083857,0.961019047,0.129265308,,
145,svm,32,Fragment,1.43309377,0.903746815,2.143044735,0.868712997,0.144043446,,
146,svm,64,Fragment,1.44315222,0.89697152,0.929356778,0.95799161,0.136436462,,
147,svm,128,Fragment,0.859276413,0.958993541,1.684152648,0.848029473,0.130936623,,
148,svm,256,Fragment,0.715805944,0.976694934,2.633027761,0.642253494,0.136385918,,
149,svm,512,Fragment,1.001123526,0.937330233,1.39514546,0.920110361,0.177872658,,
average,,,,1.388560758,0.896217162,1.482456108,0.886768671,0.129642463,,
st.p,,,,0.53250059,0.073847273,0.533234038,0.087964651,0.020535117,,
,,,,,,,,,,
150,svm,1,Charge,4.07848185,0.310944342,3.719534477,0.355821367,0.021242857,,
151,svm,2,Charge,3.815649654,0.285604949,3.93140834,0.290596307,0.0195086,,
152,svm,4,Charge,3.72587648,0.432591534,2.995761336,0.516798606,0.017895937,,
153,svm,8,Charge,3.238966095,0.603761877,3.369861246,0.610326913,0.020787239,,
154,svm,16,Charge,2.708460617,0.5504787,3.769884234,0.163495858,0.019818068,,
155,svm,32,Charge,3.411553821,0.407939606,4.701869534,0.298560093,0.020528793,,
156,svm,64,Charge,3.333990596,0.48272015,4.174433414,0.173534441,0.017578125,,
157,svm,128,Charge,2.836716328,0.477028057,3.493453773,0.289571338,0.021639585,,
158,svm,256,Charge,2.961256574,0.542053632,3.948373279,0.24822004,0.020683765,,
159,svm,512,Charge,3.262770103,0.321918923,3.591701944,0.431266691,0.025198936,,
average,,,,3.337372212,0.441504177,3.769628158,0.337819165,0.020488191,,
st.p,,,,0.416814232,0.103986053,0.442739973,0.136695226,0.002020213,,
,,,,,,,,,,
160,svm,1,Estate,2.481854636,0.767152464,1.293652695,0.914404166,0.07347846,,
161,svm,2,Estate,2.155320424,0.748157085,1.707236401,0.864574519,0.079566717,,
162,svm,4,Estate,2.5486892,0.727389064,0.844602325,0.954355473,0.067632675,,
163,svm,8,Estate,2.286245103,0.780197368,1.707426031,0.884312513,0.062181473,,
164,svm,16,Estate,0.890379216,0.953646728,0.66105466,0.974177949,0.080528259,,
165,svm,32,Estate,1.949152787,0.810709137,2.252187984,0.850408222,0.072092295,,
166,svm,64,Estate,0.988814076,0.950738687,1.097508282,0.940232942,0.073548555,,
167,svm,128,Estate,1.336395549,0.904466774,1.977052611,0.778450329,0.07349658,,
168,svm,256,Estate,1.040361096,0.947773018,1.827504584,0.829225567,0.082808495,,
169,svm,512,Estate,1.427960236,0.863462733,1.223689028,0.934400011,0.065253019,,
average,,,,1.710517232,0.845369306,1.45919146,0.892454169,0.073058653,,
st.p,,,,0.612057969,0.084893608,0.488287443,0.05885641,0.006351641,,
,,,,,,,,,,
170,svm,1,Connectivity,2.832275699,0.674609181,2.786073016,0.611636073,0.021998167,,
171,svm,2,Connectivity,2.486842755,0.648998414,2.51051879,0.692592756,0.026937485,,
172,svm,4,Connectivity,3.01537945,0.682290661,2.236041321,0.686251673,0.025583982,,
173,svm,8,Connectivity,3.524739494,0.523285833,2.643387954,0.737168917,0.025979042,,
174,svm,16,Connectivity,2.770335985,0.506131109,2.792758158,0.524555728,0.022832632,,
175,svm,32,Connectivity,2.438141694,0.726398107,4.170213932,0.45237878,0.024357319,,
176,svm,64,Connectivity,3.439602516,0.449008846,3.102606585,0.506077157,0.024936199,,
177,svm,128,Connectivity,2.399298655,0.618656207,2.928582254,0.510864157,0.022765875,,
178,svm,256,Connectivity,2.368462932,0.730583163,2.375563003,0.735859845,0.024132013,,
179,svm,512,Connectivity,2.927282586,0.436579484,3.376972447,0.502411385,0.025312424,,
average,,,,2.820236177,0.599654101,2.892271746,0.595979647,0.024483514,,
st.p,,,,0.396301555,0.105978986,0.532927395,0.103457162,0.001495117,,
,,,,,,,,,,
180,svm,1,Topology,4.862697165,0.036424302,4.581667983,0.015732751,0.014857769,,
181,svm,2,Topology,3.912801837,0.121037014,4.873133772,0.070768105,0.015191793,,
182,svm,4,Topology,4.573397398,0.086727146,4.423501973,0.019110725,0.015549421,,
183,svm,8,Topology,4.752574552,0.115571221,5.076646092,0.094396255,0.015182972,,
184,svm,16,Topology,4.192452528,0.007892818,3.795923362,0.115868131,0.015016317,,
185,svm,32,Topology,4.195452012,0.139919593,5.60246762,0.071582735,0.014802933,,
186,svm,64,Topology,4.471853733,0.029825298,4.340181334,0.038131444,0.016421556,,
187,svm,128,Topology,3.812491175,0.041456021,3.885319804,0.144566511,0.015665054,,
188,svm,256,Topology,4.382913419,0.025664821,4.061493948,0.169369373,0.015725374,,
189,svm,512,Topology,3.924328328,0.079236852,4.952911296,0.118524992,0.015765905,,
average,,,,4.308096215,0.068375509,4.559324718,0.085805102,0.015417909,,
st.p,,,,0.343971515,0.043918097,0.544153069,0.049541411,0.000475486,,
,,,,,,,,,,
190,svm,1,Kappa,3.166711385,0.586052303,3.130471915,0.529724338,0.021380663,,
191,svm,2,Kappa,3.131824777,0.487282402,3.140894444,0.495933453,0.022095203,,
192,svm,4,Kappa,4.254309611,0.223938369,2.642378977,0.577802065,0.022791386,,
193,svm,8,Kappa,3.369716241,0.529476844,4.313180076,0.386463501,0.020800114,,
194,svm,16,Kappa,4.037813578,0.166053998,3.282148841,0.362211008,0.023158073,,
195,svm,32,Kappa,4.23217108,0.170134541,4.003169535,0.532722571,0.026527405,,
196,svm,64,Kappa,3.422677749,0.42009681,4.156589757,0.198943238,0.024181366,,
197,svm,128,Kappa,4.122606654,0.148040259,3.758984007,0.265162936,0.020728111,,
198,svm,256,Kappa,4.032173436,0.24499819,3.491488209,0.395707232,0.026581287,,
199,svm,512,Kappa,2.781338071,0.530188121,3.760687691,0.390909164,0.027498722,,
average,,,,3.655134258,0.350626184,3.567999345,0.413557951,0.023574233,,
st.p,,,,0.51093483,0.166747969,0.498286705,0.115645786,0.00238988,,
,,,,,,,,,,
200,svm,1,Path,3.88137812,0.370140196,3.77684623,0.321097228,0.024341822,,
201,svm,2,Path,3.142153642,0.434983127,3.597614541,0.351273534,0.028644085,,
202,svm,4,Path,3.683718517,0.442626504,3.289674342,0.382786982,0.026229143,,
203,svm,8,Path,4.296151227,0.275274499,3.266593299,0.582349777,0.031042576,,
204,svm,16,Path,3.191832196,0.371175597,3.511118022,0.308847249,0.025776863,,
205,svm,32,Path,3.882508788,0.304578288,4.500601517,0.370455794,0.025268555,,
206,svm,64,Path,3.449606523,0.429357833,3.127970121,0.500010625,0.027291059,,
207,svm,128,Path,2.797001406,0.479110659,4.172418805,0.09010278,0.029438734,,
208,svm,256,Path,2.953781352,0.589485589,3.028958369,0.615603636,0.029168844,,
209,svm,512,Path,3.592820722,0.266917113,4.064189581,0.352766172,0.027458906,,
average,,,,3.487095249,0.396364941,3.633598483,0.387529378,0.027466059,,
st.p,,,,0.445471057,0.094883682,0.462436249,0.143013475,0.001999351,,
,,,,,,,,,,
210,svm,1,InfoContent,4.11019508,0.397950871,3.992145144,0.258860709,0.019754887,,
211,svm,2,InfoContent,3.114046286,0.428221994,4.715234702,0.09308318,0.023323059,,
212,svm,4,InfoContent,3.70226756,0.418385601,3.680637836,0.262779617,0.022384882,,
213,svm,8,InfoContent,4.252605101,0.322788798,4.316432537,0.378457297,0.020484209,,
214,svm,16,InfoContent,3.04925631,0.441355429,3.691425364,0.175621673,0.02112031,,
215,svm,32,InfoContent,3.261882284,0.485488232,5.006582459,0.398561052,0.019998789,,
216,svm,64,InfoContent,3.820623574,0.33815279,3.741185938,0.286160228,0.020039558,,
217,svm,128,InfoContent,2.947933094,0.420926095,3.982151229,0.105640418,0.021509886,,
218,svm,256,InfoContent,3.418261401,0.3865617,3.710119492,0.303514483,0.021808863,,
219,svm,512,InfoContent,3.732973925,0.153993461,4.577822572,0.181491307,0.0204041,,
average,,,,3.541004462,0.379382497,4.141373727,0.244416996,0.021082854,,
st.p,,,,0.428977454,0.087653157,0.45907715,0.099177271,0.00110774,,
,,,,,,,,,,
220,svm,1,moe206,4.006606089,0.498747191,3.812944662,0.316687412,0.023031473,,
221,svm,2,moe206,3.717614976,0.17380396,3.894875841,0.475713358,0.024278641,,
222,svm,4,moe206,4.027432949,0.311689644,3.259237656,0.394159009,0.023835659,,
223,svm,8,moe206,4.012473095,0.420058826,4.302191268,0.360522949,0.022130013,,
224,svm,16,moe206,3.303523565,0.366851523,3.344236017,0.340776637,0.024903774,,
225,svm,32,moe206,3.882244689,0.316023428,5.190413987,0.23495874,0.025247574,,
226,svm,64,moe206,3.382690639,0.52878714,3.851294088,0.266437026,0.023158312,,
227,svm,128,moe206,3.446973069,0.209667617,4.897706258,0.025423485,0.023907185,,
228,svm,256,moe206,3.683546342,0.293082533,3.606800531,0.407956057,0.023757935,,
229,svm,512,moe206,3.390887284,0.264609562,4.20851236,0.34083697,0.024231434,,
average,,,,3.68539927,0.338332142,4.036821267,0.316347164,0.0238482,,
st.p,,,,0.273491039,0.11036885,0.595459168,0.116937721,0.000866693,,
,,,,,,,,,,
,model,seed,fp_types,valid_rmse,valid_r2,test_rmse,test_r2,time,,
0,xgb,1,MAP4,3.259496819,0.561819851,2.480593872,0.705860445,5.437341452,,
1,xgb,2,MAP4,2.223955142,0.741436151,2.475180753,0.687313827,9.232837915,,
2,xgb,4,MAP4,2.614954048,0.713718719,1.833119549,0.791940028,6.173321486,,
3,xgb,8,MAP4,2.28470699,0.80152835,2.831409936,0.708775672,4.868882895,,
4,xgb,16,MAP4,1.656185209,0.85751253,1.833731424,0.815235551,4.531096697,,
5,xgb,32,MAP4,2.212030126,0.777645121,3.385751626,0.653535503,6.83326602,,
6,xgb,64,MAP4,1.937788351,0.8158383,1.994308426,0.820800235,5.278161526,,
7,xgb,128,MAP4,1.666056538,0.835994221,2.46577405,0.648513393,4.468952179,,
8,xgb,256,MAP4,1.688593472,0.86891435,2.601472926,0.68744269,4.412390709,,
9,xgb,512,MAP4,1.471622408,0.855459387,1.890593074,0.838454035,7.753134727,,
average,,,,2.10153891,0.782986698,2.379193564,0.735787138,5.898938561,,
st.p,,,,0.514521526,0.088255639,0.477142685,0.069229349,1.525985247,,
,,,,,,,,,,
,model,seed,fp_types,valid_rmse,valid_r2,test_rmse,test_r2,time,n_estimators,
0,rf,1,MAP4,3.236331372,0.620966128,2.646105946,0.679139868,3.719758034,500,
1,rf,2,MAP4,2.584869348,0.677615931,2.844002576,0.658386025,3.957086802,500,
2,rf,4,MAP4,2.858787508,0.720991252,2.37520721,0.675365403,3.788796663,500,
3,rf,8,MAP4,2.672726795,0.814650437,3.395136424,0.587171139,3.771349669,500,
4,rf,16,MAP4,2.265363387,0.795221319,2.112280533,0.821468952,3.730343819,500,
5,rf,32,MAP4,2.33442309,0.782758168,3.726840242,0.646429942,3.853989363,500,
6,rf,64,MAP4,2.61561117,0.70546906,2.673634432,0.707028986,3.691424131,500,
7,rf,128,MAP4,2.012217906,0.776884706,2.390484975,0.751181211,4.002598286,500,
8,rf,256,MAP4,2.187258504,0.807923065,2.881466299,0.711140667,3.83524251,500,
9,rf,512,MAP4,1.933879019,0.759173659,2.218034478,0.811390736,3.802201033,500,
average,,,,2.47014681,0.746165373,2.726319312,0.704870293,3.815279031,,
st.p,,,,0.380933743,0.060022022,0.486513081,0.069348595,0.095695038,,
,,,,,,,,,,
,model,seed,fp_types,valid_rmse,valid_r2,test_rmse,test_r2,time,n_neighbors,weights
0,knn,1,MAP4,3.326470336,0.562328571,3.144075421,0.546553411,0.094203472,9,distance
1,knn,2,MAP4,2.026449292,0.757963934,2.931724559,0.634807029,0.086007595,7,uniform
2,knn,4,MAP4,2.869212014,0.691046366,2.882647923,0.567697126,0.081743956,7,distance
3,knn,8,MAP4,2.209855969,0.789813189,3.017203002,0.666364041,0.08319211,1,uniform
4,knn,16,MAP4,1.805895432,0.793972965,2.345735914,0.676704163,0.082078695,1,uniform
5,knn,32,MAP4,1.777750558,0.86503433,3.508538398,0.67489791,0.083862543,3,distance
6,knn,64,MAP4,2.315598501,0.742626951,2.726399605,0.647390516,0.084982872,3,distance
7,knn,128,MAP4,1.825479869,0.787800544,2.874122111,0.538085655,0.083631992,5,distance
8,knn,256,MAP4,1.30320664,0.916349031,1.456943678,0.900696509,0.081650734,1,uniform
9,knn,512,MAP4,1.45462432,0.869480154,2.496022845,0.751178384,0.083752155,3,distance
average,,,,2.091454293,0.777641604,2.738341346,0.660437474,0.084510612,,
st.p,,,,0.589596472,0.095551712,0.526044219,0.10189927,0.003488104,,
,,,,,,,,,,
,model,seed,fp_types,valid_rmse,valid_r2,test_rmse,test_r2,time,,
0,svm,1,MAP4,2.67812301,0.72920651,2.350567701,0.781269408,0.085080385,,
1,svm,2,MAP4,2.343841972,0.74016778,2.292189236,0.769609879,0.08130312,,
2,svm,4,MAP4,2.420114502,0.813165806,2.044830905,0.789248708,0.078564405,,
3,svm,8,MAP4,2.374517402,0.82538483,2.659177624,0.785004997,0.075941801,,
4,svm,16,MAP4,1.945466348,0.84245164,1.761003447,0.88551245,0.078391075,,
5,svm,32,MAP4,2.229471345,0.818357155,3.469735038,0.66413893,0.075433493,,
6,svm,64,MAP4,2.087092961,0.828929029,2.451775182,0.777317686,0.076067686,,
7,svm,128,MAP4,1.769349619,0.832109118,2.290993096,0.743832346,0.077058792,,
8,svm,256,MAP4,1.913470058,0.866397441,2.452313434,0.77642627,0.076512337,,
9,svm,512,MAP4,1.59010364,0.843067873,1.793513144,0.879390425,0.076079369,,
average,,,,2.135155086,0.813923718,2.356609881,0.78517511,0.078043246,,
st.p,,,,0.3168733,0.042120202,0.461121854,0.059762466,0.002878195,,
