,model,fp_types,seed,train_rmse,valid_rmse,test_rmse,train_r2,valid_r2,test_r2,best_epoch,r2_score,pearson_r2,rmse,mse,mae,mape
0,FCNN,MorganFP,1,0.395309285,0.866566401,1.350806438,0.992374663,0.970215371,0.919290702,5971,0.906273457,0.919290702,1.350806438,1.824678034,0.790341384,0.140068563
1,FCNN,MorganFP,2,0.391072568,1.072289825,0.738901741,0.992767072,0.9334142,0.973964591,207,0.972021825,0.973964591,0.738901741,0.545975783,0.502582736,0.080106702
2,FCNN,MorganFP,4,0.426855945,1.877390384,1.07494525,0.991353596,0.856512255,0.934598003,247,0.924418252,0.934598003,1.07494525,1.15550729,0.736015873,0.108040165
3,FCNN,MorganFP,8,0.436361777,1.222107685,1.838563553,0.990351981,0.93645571,0.861392452,599,0.861367546,0.861392452,1.838563553,3.380315938,0.983804898,0.181015073
4,FCNN,MorganFP,16,0.421256932,0.870921849,0.732447431,0.991670824,0.952682159,0.969727018,135,0.966940461,0.969727018,0.732447431,0.536479239,0.51655273,0.088825191
5,FCNN,MorganFP,32,0.425660693,1.890192765,2.123199805,0.990696276,0.829434617,0.871756938,506,0.852865147,0.871756938,2.123199805,4.507977411,0.887858539,0.101482168
6,FCNN,MorganFP,64,0.399933341,1.271789019,1.283890207,0.992335079,0.917814732,0.915638217,230,0.915331326,0.915638217,1.283890207,1.648374063,0.721971502,0.121241825
7,FCNN,MorganFP,128,0.39076029,0.960409374,1.303080624,0.992975272,0.939961563,0.909280092,318,0.901011177,0.909280092,1.303080624,1.698019112,0.701739325,0.108482324
8,FCNN,MorganFP,256,0.358931655,1.19337909,1.741128972,0.993847391,0.928458648,0.84387418,487,0.843495384,0.84387418,1.741128972,3.031530098,0.760231841,0.129597556
9,FCNN,MorganFP,512,0.385997024,1.438009171,1.127062903,0.992959073,0.868983477,0.944317673,158,0.942473371,0.944317673,1.127062903,1.270270788,0.765996662,0.133994209
10,FCNN,RDkitFP,1,0.331315975,1.693555435,1.028941518,0.994635578,0.883798516,0.948155154,264,0.945617679,0.948155154,1.028941518,1.058720648,0.693077643,0.118772659
11,FCNN,RDkitFP,2,0.317397061,0.92595304,0.843988541,0.995223363,0.948745223,0.967173749,248,0.963497794,0.967173749,0.843988541,0.712316657,0.577356807,0.103400152
12,FCNN,RDkitFP,4,0.358594915,1.56168086,1.025425241,0.993949649,0.89474427,0.935148952,209,0.931221572,0.935148952,1.025425241,1.051496925,0.745805838,0.10846392
13,FCNN,RDkitFP,8,0.340497666,1.402101468,1.568949444,0.994242151,0.91991901,0.904247502,212,0.899045538,0.904247502,1.568949444,2.461602357,0.781802459,0.116827044
14,FCNN,RDkitFP,16,0.46003448,0.773751463,0.600380255,0.993857039,0.971269971,0.979662218,4428,0.977787539,0.979662218,0.600380255,0.360456451,0.435089004,0.095503033
15,FCNN,RDkitFP,32,0.391045132,1.67200846,1.862296829,0.994290521,0.879972995,0.895495704,390,0.886803855,0.895495704,1.862296829,3.468149481,0.808915387,0.091748786
16,FCNN,RDkitFP,64,0.363936468,1.149236167,1.165013298,0.994483719,0.9392389,0.937921281,215,0.930284596,0.937921281,1.165013298,1.357255984,0.668096365,0.10336548
17,FCNN,RDkitFP,128,0.340537686,0.923268352,1.448324573,0.995111245,0.947400586,0.880110335,5277,0.877714381,0.880110335,1.448324573,2.097644069,0.688976968,0.104209366
18,FCNN,RDkitFP,256,0.276239005,1.044155272,1.289837533,0.996352898,0.943534874,0.914785812,5819,0.914111447,0.914785812,1.289837533,1.66368086,0.680994532,0.154201355
19,FCNN,RDkitFP,512,0.325158921,1.051485455,0.997196224,0.995007755,0.929129542,0.955761854,177,0.954966691,0.955761854,0.997196224,0.994400309,0.664153099,0.107208127
20,FCNN,AtomPairFP,1,0.073155851,2.551567737,1.477517814,0.99973846,0.745094434,0.891017503,125,0.88786484,0.891017503,1.477517814,2.183058892,0.898235886,0.159041245
21,FCNN,AtomPairFP,2,0.073476799,2.500021662,1.990687398,0.999743991,0.642856012,0.797726023,70,0.796927019,0.797726023,1.990687398,3.962836315,1.150614206,0.229976805
22,FCNN,AtomPairFP,4,0.07340398,1.71669188,1.406319367,0.999744311,0.871368522,0.871261232,109,0.870636382,0.871261232,1.406319367,1.977734163,0.969383783,0.133252121
23,FCNN,AtomPairFP,8,0.073803679,2.09271617,1.485167127,0.999723637,0.828592986,0.913021503,107,0.909539648,0.913021503,1.485167127,2.205721394,0.981734466,0.165047042
24,FCNN,AtomPairFP,16,0.325275163,1.218015268,0.962769162,0.9994948,0.912418887,0.943003347,167,0.942879998,0.943003347,0.962769162,0.92692446,0.687855086,0.152821598
25,FCNN,AtomPairFP,32,0.072277289,1.848908123,2.426224891,0.999731695,0.844357993,0.816888061,5578,0.807869666,0.816888061,2.426224891,5.886567223,1.355282893,0.295675227
26,FCNN,AtomPairFP,64,0.022192942,1.494024674,1.759778277,0.999976383,0.891838466,0.858001739,162,0.840931975,0.858001739,1.759778277,3.096819584,1.202618162,0.299202296
27,FCNN,AtomPairFP,128,0.073779198,1.410828802,2.015952641,0.999749576,0.881891178,0.77201939,219,0.763078628,0.77201939,2.015952641,4.06406505,1.151368822,0.192966364
28,FCNN,AtomPairFP,256,0.11942254,1.037203463,2.128987592,0.99972254,0.952985415,0.784503801,1916,0.766002333,0.784503801,2.128987592,4.532588166,1.278016006,0.250171001
29,FCNN,AtomPairFP,512,0.073046562,1.32615939,1.51276131,0.99974784,0.87838826,0.897729913,126,0.896363335,0.897729913,1.51276131,2.288446781,0.929467671,0.14570265
30,FCNN,TorsionFP,1,0.436128329,1.884180244,1.195671391,0.990857213,0.876120564,0.937090775,175,0.926565519,0.937090775,1.195671391,1.429630076,0.764141215,0.125207449
31,FCNN,TorsionFP,2,0.439717617,1.425517598,0.753239805,0.990832179,0.882340656,0.975024123,516,0.970925481,0.975024123,0.753239805,0.567370204,0.544733964,0.101667469
32,FCNN,TorsionFP,4,0.464040929,2.093419452,1.248811603,0.989783802,0.806571911,0.91409161,274,0.897991094,0.91409161,1.248811603,1.55953042,0.90657365,0.12722854
33,FCNN,TorsionFP,8,0.465689682,1.378226947,1.675224348,0.988996903,0.91840837,0.888417597,1788,0.884905765,0.888417597,1.675224348,2.806376617,0.851630785,0.116351951
34,FCNN,TorsionFP,16,0.436320713,1.100845059,0.907576213,0.991063343,0.925288609,0.954051793,142,0.949241348,0.954051793,0.907576213,0.823694583,0.704249038,0.143806954
35,FCNN,TorsionFP,32,0.46060067,2.026627057,1.930699882,0.989104108,0.803845143,0.891952757,550,0.878335642,0.891952757,1.930699882,3.727602036,0.877749941,0.09866296
36,FCNN,TorsionFP,64,0.437823693,1.361716645,1.518750003,0.990815171,0.908801495,0.883363324,1018,0.881521494,0.883363324,1.518750003,2.306601572,0.780155428,0.114280482
37,FCNN,TorsionFP,128,0.436992267,1.861189352,1.351765941,0.991229489,0.852055706,0.905237305,146,0.893476215,0.905237305,1.351765941,1.827271158,0.888990998,0.158153779
38,FCNN,TorsionFP,256,0.38917759,1.163173364,1.426278144,0.992750465,0.930734888,0.895231883,650,0.894979587,0.895231883,1.426278144,2.034269345,0.716327992,0.122233805
39,FCNN,TorsionFP,512,0.4197077,1.104625159,1.174626463,0.991676513,0.92757476,0.9399984,346,0.937515518,0.9399984,1.174626463,1.379747327,0.758729982,0.109589699
40,FCNN,AvalonFP,1,0.466436196,1.828466043,1.233858208,0.989610672,0.863307624,0.927760352,213,0.92179998,0.927760352,1.233858208,1.522406077,0.703491753,0.109270561
41,FCNN,AvalonFP,2,0.477108745,1.080383688,0.655489439,0.989874306,0.930421663,0.979339183,619,0.977982023,0.979339183,0.655489439,0.429666404,0.492722617,0.070663292
42,FCNN,AvalonFP,4,0.488025733,1.637764468,1.387056009,0.98869851,0.88281738,0.886849018,92,0.874156081,0.886849018,1.387056009,1.923924371,0.901453091,0.120545735
43,FCNN,AvalonFP,8,0.49106577,1.272875555,1.589668565,0.987765891,0.929888501,0.898835163,535,0.896361578,0.898835163,1.589668565,2.527046148,0.749236528,0.100970817
44,FCNN,AvalonFP,16,0.491090616,0.832593235,0.767295847,0.988680884,0.956189917,0.965414601,130,0.963719809,0.965414601,0.767295847,0.588742916,0.570120999,0.106277718
45,FCNN,AvalonFP,32,0.47950227,1.783857526,1.974262978,0.988200722,0.848319404,0.883677735,423,0.872783386,0.883677735,1.974262978,3.897714306,0.810180532,0.082943139
46,FCNN,AvalonFP,64,0.464053851,1.329002155,1.442065831,0.989681909,0.913773587,0.893885981,244,0.893183792,0.893885981,1.442065831,2.079553862,0.758273629,0.104810334
47,FCNN,AvalonFP,128,0.461406389,1.170114078,1.426701838,0.990205694,0.923015143,0.88675023,293,0.881338447,0.88675023,1.426701838,2.035478135,0.646951052,0.087757008
48,FCNN,AvalonFP,256,0.419565229,1.101550419,1.683610469,0.991582751,0.944117609,0.858860476,5658,0.853664902,0.858860476,1.683610469,2.834544213,0.745825064,0.154235217
49,FCNN,AvalonFP,512,0.437639718,1.381900169,1.189075136,0.990955181,0.890448161,0.939461929,311,0.935968864,0.939461929,1.189075136,1.413899679,0.677081822,0.08215312
50,FCNN,EstateFP,1,0.935554214,2.539725729,1.506687513,0.957226177,0.751632013,0.892033347,2432,0.883393508,0.892033347,1.506687513,2.270107262,0.90178196,0.197764119
51,FCNN,EstateFP,2,1.253214621,2.317360115,1.023208279,0.925522933,0.744186082,0.946462439,2280,0.94634946,0.946462439,1.023208279,1.046955181,0.645654419,0.097955367
52,FCNN,EstateFP,4,1.145062558,1.890416346,1.345028178,0.937780199,0.8425055,0.905524195,3282,0.881666692,0.905524195,1.345028178,1.809100799,0.838035253,0.125729978
53,FCNN,EstateFP,8,0.986157989,2.243517555,1.468693273,0.950658039,0.787211726,0.92624794,1413,0.911535337,0.92624794,1.468693273,2.157059931,0.900281919,0.1559387
54,FCNN,EstateFP,16,1.253185942,1.182974372,1.277405188,0.926277629,0.909723424,0.901827288,5759,0.899445567,0.901827288,1.277405188,1.631764015,0.650548886,0.138715823
55,FCNN,EstateFP,32,1.063736537,1.831511264,2.027609996,0.941910598,0.83080035,0.879612731,5977,0.8658154,0.879612731,2.027609996,4.111202298,1.115695108,0.223157976
56,FCNN,EstateFP,64,1.155177763,1.338405429,1.77622739,0.936011821,0.909251651,0.840567656,5750,0.837944375,0.840567656,1.77622739,3.154983741,0.981100105,0.226523192
57,FCNN,EstateFP,128,0.990986606,1.252541924,2.400986639,0.954820336,0.910661371,0.694093366,1057,0.663935162,0.694093366,2.400986639,5.76473684,1.006276993,0.149449177
58,FCNN,EstateFP,256,1.154408065,1.426033432,1.48499416,0.936202482,0.900080293,0.902349988,1248,0.886154791,0.902349988,1.48499416,2.205207656,0.96125703,0.296684159
59,FCNN,EstateFP,512,1.223720196,1.916337411,1.360538834,0.929231291,0.763330334,0.920771923,1223,0.916170959,0.920771923,1.360538834,1.851065919,0.961224538,0.163164882
60,FCNN,MACCSFP,1,0.623563268,2.163053943,1.629782604,0.980999024,0.804729309,0.867846095,547,0.863561885,0.867846095,1.629782604,2.656191337,0.945858893,0.176963798
61,FCNN,MACCSFP,2,0.65526794,1.30539378,1.548911679,0.97965155,0.904569683,0.879858537,2660,0.87705827,0.879858537,1.548911679,2.39912739,0.892074116,0.134544233
62,FCNN,MACCSFP,4,0.642691952,1.651198438,1.692935053,0.980413908,0.883712679,0.827828024,1216,0.812532998,0.827828024,1.692935053,2.866029093,1.074998504,0.166527222
63,FCNN,MACCSFP,8,0.583417316,1.954115838,1.505754952,0.982875308,0.839742067,0.916607492,487,0.907014289,0.916607492,1.505754952,2.267297976,1.021549219,0.324557084
64,FCNN,MACCSFP,16,0.659184223,1.079131249,0.771610371,0.979608686,0.925196382,0.965336699,1401,0.963310653,0.965336699,0.771610371,0.595382564,0.575681877,0.142869576
65,FCNN,MACCSFP,32,0.572160076,1.663225186,1.950918708,0.983188467,0.859589471,0.883707956,1966,0.875774093,0.883707956,1.950918708,3.806083806,0.948229224,0.105746608
66,FCNN,MACCSFP,64,0.63767658,1.445380931,1.884118145,0.980504956,0.903849431,0.822928803,2304,0.817659455,0.822928803,1.884118145,3.549901184,0.969113846,0.143294645
67,FCNN,MACCSFP,128,0.635326395,1.332795716,2.037096344,0.981471714,0.894863592,0.787962073,1702,0.758082811,0.787962073,2.037096344,4.149761515,0.921810759,0.140523058
68,FCNN,MACCSFP,256,0.621399152,1.68097653,1.522977218,0.981765333,0.851915589,0.887799547,1282,0.880256463,0.887799547,1.522977218,2.319459607,0.794870365,0.258405787
69,FCNN,MACCSFP,512,0.600827108,1.660107924,1.217413048,0.982942168,0.864331249,0.93570437,956,0.93288053,0.93570437,1.217413048,1.482094531,0.803351388,0.13588871
70,FCNN,PharmacoErGFP,1,0.344239938,3.062318995,2.352433222,0.994209249,0.629987652,0.725789898,5727,0.715743135,0.725789898,2.352433222,5.533942062,1.357051953,0.248885531
71,FCNN,PharmacoErGFP,2,0.342690421,2.016450157,2.114795583,0.994431029,0.758673926,0.776532892,378,0.770816789,0.776532892,2.114795583,4.472360359,1.42990086,0.343728568
72,FCNN,PharmacoErGFP,4,0.340047969,2.133813736,1.44868788,0.994512879,0.807647492,0.862982764,5925,0.862724229,0.862982764,1.44868788,2.098696574,0.988206971,0.188457807
73,FCNN,PharmacoErGFP,8,0.124102347,2.937521266,2.75185167,0.999218583,0.640781857,0.706492209,5499,0.689431317,0.706492209,2.75185167,7.572687614,1.691119967,0.28439392
74,FCNN,PharmacoErGFP,16,0.345680739,1.682564986,1.863805681,0.994390617,0.82009182,0.826610251,1041,0.785935264,0.826610251,1.863805681,3.473771617,1.322795822,0.315567073
75,FCNN,PharmacoErGFP,32,0.1315699,1.774502616,3.808503065,0.999110944,0.840565198,0.53203161,856,0.526584527,0.53203161,3.808503065,14.5046956,2.150690701,0.632790903
76,FCNN,PharmacoErGFP,64,0.336888465,2.530383965,3.177720471,0.994557773,0.705802823,0.496719273,5853,0.481321355,0.496719273,3.177720471,10.09790739,1.693009385,0.578245698
77,FCNN,PharmacoErGFP,128,0.344009707,2.323219157,2.378398197,0.994555681,0.667000683,0.676312809,1770,0.670228802,0.676312809,2.378398197,5.656777983,1.308078123,0.320713302
78,FCNN,PharmacoErGFP,256,0.366003584,2.394626019,2.587660946,0.994250254,0.717765801,0.673151871,323,0.654315418,0.673151871,2.587660946,6.69598917,1.675075015,0.535015273
79,FCNN,PharmacoErGFP,512,0.334220686,2.591581513,2.190908729,0.994721701,0.665193027,0.785227328,269,0.782619199,0.785227328,2.190908729,4.800081061,1.487290381,0.284304176
80,FCNN,PharmacoPFP,1,0.326810059,3.129521653,2.236800523,0.994780778,0.667656106,0.747645769,819,0.743001336,0.747645769,2.236800523,5.003276581,1.585136744,0.414257897
81,FCNN,PharmacoPFP,2,0.316098418,2.204720616,2.638638834,0.995285092,0.721449417,0.68033876,4439,0.643215556,0.68033876,2.638638834,6.962414895,1.447762983,0.298220557
82,FCNN,PharmacoPFP,4,0.316495809,2.249492085,1.915317489,0.995251632,0.810904172,0.787484704,1173,0.760047219,0.787484704,1.915317489,3.668441085,1.475534065,0.235148068
83,FCNN,PharmacoPFP,8,0.258327687,2.677735473,2.207137208,0.996615015,0.703008424,0.80281829,3487,0.800213434,0.80281829,2.207137208,4.871454656,1.353760973,0.271551302
84,FCNN,PharmacoPFP,16,0.243596423,2.010748146,1.767693924,0.997219649,0.7475751,0.821987684,985,0.807443579,0.821987684,1.767693924,3.124741808,1.191352123,0.320802688
85,FCNN,PharmacoPFP,32,0.268286471,1.745863354,3.823536418,0.996312586,0.850736693,0.537462354,5158,0.522839713,0.537462354,3.823536418,14.61943074,2.076827794,0.604593039
86,FCNN,PharmacoPFP,64,0.248989678,2.362091303,2.907043796,0.997027341,0.789256259,0.570642424,576,0.565919643,0.570642424,2.907043796,8.450903633,1.919500652,0.614512767
87,FCNN,PharmacoPFP,128,0.264447976,2.303146881,2.095612846,0.996784351,0.730872038,0.748932665,517,0.743984835,0.748932665,2.095612846,4.391593199,1.613940978,0.479667573
88,FCNN,PharmacoPFP,256,0.307036295,2.389071963,2.913906424,0.995487739,0.717543435,0.563416391,930,0.561654584,0.563416391,2.913906424,8.490850645,1.545786557,0.567189483
89,FCNN,PharmacoPFP,512,0.21937682,2.365027521,2.691931508,0.997726044,0.696445525,0.75209419,5278,0.67182868,0.75209419,2.691931508,7.246495245,1.578677496,0.257101341
90,FCNN,PubChemFP,1,0.467592499,1.985768019,1.25290081,0.989315094,0.850654738,0.925653089,466,0.919367573,0.925653089,1.25290081,1.569760441,0.81105104,0.140077072
91,FCNN,PubChemFP,2,0.520036651,1.035336306,1.349032314,0.987260879,0.942195709,0.918868608,5463,0.906741008,0.918868608,1.349032314,1.819888185,0.766514237,0.113256577
92,FCNN,PubChemFP,4,0.499082893,2.547595634,1.096404277,0.988268927,0.713728741,0.929626998,308,0.92137047,0.929626998,1.096404277,1.202102338,0.798154913,0.117309512
93,FCNN,PubChemFP,8,0.461388836,1.582741758,1.836435606,0.989537834,0.894964867,0.871424453,292,0.861688266,0.871424453,1.836435606,3.372495736,0.962696285,0.178105946
94,FCNN,PubChemFP,16,0.553534906,1.203497145,0.856426144,0.986082575,0.910015516,0.955455728,3468,0.954801533,0.955455728,0.856426144,0.733465739,0.573957319,0.118611216
95,FCNN,PubChemFP,32,0.450862263,1.898420024,1.941274905,0.989559964,0.826724379,0.89038958,537,0.876999207,0.89038958,1.941274905,3.768548256,1.037303936,0.215310563
96,FCNN,PubChemFP,64,0.477171978,1.438981512,1.26319755,0.989126929,0.893770016,0.918736417,577,0.918038569,0.918736417,1.26319755,1.595668051,0.768030113,0.139665536
97,FCNN,PubChemFP,128,0.499195761,0.956535931,1.584360235,0.988556563,0.945778922,0.861612575,5458,0.853663907,0.861612575,1.584360235,2.510197353,0.830772596,0.125734374
98,FCNN,PubChemFP,256,0.560272222,1.30251127,1.039677188,0.985169375,0.915940145,0.948334522,5558,0.94419639,0.948334522,1.039677188,1.080928656,0.670956009,0.21018324
99,FCNN,PubChemFP,512,0.497895013,1.05210162,1.144819699,0.988288411,0.929930253,0.942976364,403,0.940646436,0.942976364,1.144819699,1.310612142,0.791695512,0.133479826
100,FCNN,MHFP6,1,0.339171142,1.708495634,0.990283121,0.994378582,0.877196967,0.955560886,5896,0.949627314,0.955560886,0.990283121,0.980660659,0.615990353,0.101233317
101,FCNN,MHFP6,2,0.29548526,1.343013768,1.160365715,0.995859588,0.898777468,0.939765818,137,0.931002114,0.939765818,1.160365715,1.346448593,0.751118204,0.157115625
102,FCNN,MHFP6,4,0.335998803,1.609904994,1.112150943,0.994642668,0.892670157,0.92089213,147,0.919095681,0.92089213,1.112150943,1.236879721,0.765168643,0.114449161
103,FCNN,MHFP6,8,0.354159392,1.717351565,1.596721998,0.993636134,0.886266507,0.90599481,1212,0.895439841,0.90599481,1.596721998,2.549521138,0.998025734,0.187036347
104,FCNN,MHFP6,16,0.370652833,0.821021573,0.691770851,0.993775564,0.960649293,0.975927553,2283,0.970510434,0.975927553,0.691770851,0.478546911,0.493871354,0.105754949
105,FCNN,MHFP6,32,0.339667747,1.616979839,2.44841207,0.994246954,0.87065522,0.82562297,296,0.804339638,0.82562297,2.44841207,5.994721663,1.084434632,0.192495018
106,FCNN,MHFP6,64,0.348044919,0.938012998,1.190654612,0.994191353,0.954924453,0.935053168,5842,0.927182028,0.935053168,1.190654612,1.417658405,0.735812235,0.127675502
107,FCNN,MHFP6,128,0.338534778,0.803655514,1.607610482,0.99472758,0.958952506,0.851681883,5918,0.849337473,0.851681883,1.607610482,2.584411463,0.80257037,0.120651389
108,FCNN,MHFP6,256,0.264793441,0.920995225,1.811410663,0.996643407,0.957810883,0.837955405,1233,0.830605577,0.837955405,1.811410663,3.28120859,0.813654463,0.210867044
109,FCNN,MHFP6,512,0.339436831,1.154160381,1.165803631,0.994555038,0.90686269,0.939833216,104,0.938450657,0.939833216,1.165803631,1.359098106,0.810321184,0.140261022
110,FCNN,Property,1,3.478077802,4.351470292,3.936579585,0.452392773,0.202768402,0.216246039,5962,0.203997511,0.216246039,3.936579585,15.49665883,2.773778198,0.765667354
111,FCNN,Property,2,3.915921769,4.965990801,4.618642992,0.296075196,0.182614058,0.027659486,2671,-0.093137513,0.027659486,4.618642992,21.33186309,3.890224434,0.973528928
112,FCNN,Property,4,3.978353721,4.410608841,3.342234613,0.402146572,0.272386645,0.301117073,5930,0.269335336,0.301117073,3.342234613,11.17053221,2.405279243,0.526518886
113,FCNN,Property,8,3.652363423,3.998550873,4.13892955,0.339810016,0.369005573,0.311109897,5941,0.297439569,0.311109897,4.13892955,17.13073782,3.138375631,1.023373781
114,FCNN,Property,16,3.435582457,3.671043672,3.777149197,0.460714238,0.18660576,0.223399957,5992,0.120831443,0.223399957,3.777149197,14.26685606,3.05520121,0.799943112
115,FCNN,Property,32,4.245103641,4.028235247,4.513466173,0.495069233,0.532099463,0.456161412,5749,0.335103246,0.456161412,4.513466173,20.37137689,3.303438375,0.846152967
116,FCNN,Property,64,3.76502863,4.016686566,4.211319365,0.343832609,0.177993911,0.192323985,5997,0.089031545,0.192323985,4.211319365,17.7352108,3.181058697,1.11111591
117,FCNN,Property,128,3.329516075,3.865594902,3.735775934,0.572568207,0.334283057,0.386327548,5826,0.1864107,0.386327548,3.735775934,13.95602183,2.878049228,0.572712405
118,FCNN,Property,256,3.749618603,3.522699044,3.91638648,0.3531333,0.363166119,0.222710907,5898,0.208161976,0.222710907,3.91638648,15.33808306,3.096614255,1.087732931
119,FCNN,Property,512,3.702728704,3.004624917,3.546192265,0.380006252,0.345601448,0.433063912,5963,0.430495488,0.433063912,3.546192265,12.57547958,2.796062231,0.679985824
120,FCNN,Constitution,1,0.529143569,2.282480445,1.539355178,0.988642134,0.793062445,0.89231956,2625,0.878282219,0.89231956,1.539355178,2.369614364,0.77849608,0.161320248
121,FCNN,Constitution,2,0.757552202,1.661590433,1.480341423,0.974443319,0.850008874,0.903370787,1352,0.887702576,0.903370787,1.480341423,2.191410729,0.940459853,0.203100039
122,FCNN,Constitution,4,0.65107166,1.605053174,1.346964916,0.982168251,0.891681398,0.89318778,5970,0.881325665,0.89318778,1.346964916,1.814314485,0.899191246,0.147190325
123,FCNN,Constitution,8,0.588718186,2.198215622,2.288264925,0.982917935,0.803618345,0.796585683,4559,0.785256402,0.796585683,2.288264925,5.236156369,1.221589574,0.215056648
124,FCNN,Constitution,16,0.780469827,0.741387397,0.715337409,0.973102267,0.965902557,0.974463413,5999,0.968466967,0.974463413,0.715337409,0.511707608,0.538118051,0.152919138
125,FCNN,Constitution,32,0.554188121,1.637856048,2.302320341,0.987376347,0.880219035,0.83142975,2479,0.826992341,0.83142975,2.302320341,5.300678952,1.342206499,0.292351916
126,FCNN,Constitution,64,0.666890839,1.237479177,1.965679332,0.982827147,0.940863579,0.82521363,1748,0.801531162,0.82521363,1.965679332,3.863895236,1.37139658,0.403200177
127,FCNN,Constitution,128,0.60624822,1.108223225,2.665019993,0.987246062,0.943614314,0.640661061,5981,0.585957873,0.640661061,2.665019993,7.102331562,1.307228609,0.246953645
128,FCNN,Constitution,256,0.735624862,1.324222932,1.914310629,0.974386023,0.918262483,0.825682226,5937,0.810813524,0.825682226,1.914310629,3.664585185,1.185844472,0.293941059
129,FCNN,Constitution,512,0.774445304,1.134896524,1.630003819,0.972332497,0.918665968,0.895800075,5088,0.879676666,0.895800075,1.630003819,2.65691245,0.969638885,0.205431658
130,FCNN,Autocorr,1,38.72090407,36.34921281,5.197573279,0.003380796,0.014369984,0.247714007,5954,-0.387642511,0.247714007,5.197573279,27.01476799,3.822271125,1.035042414
131,FCNN,Autocorr,2,187.5628625,191.7273487,4.834996988,0.077413823,0.209873329,0.372028999,5968,-0.197949267,0.372028999,4.834996988,23.37719587,3.706675561,1.007785448
132,FCNN,Autocorr,4,3.646545052,4.907993545,4.29015417,0.465884186,0.14026153,0.281126624,5999,-0.203898955,0.281126624,4.29015417,18.4054228,3.255211953,0.611400153
133,FCNN,Autocorr,8,3.703794922,4.11640624,4.747360747,0.373283123,0.323013786,0.192998045,5999,0.075701843,0.192998045,4.747360747,22.53743406,3.690446691,1.104898214
134,FCNN,Autocorr,16,3.416394544,3.287491726,3.825732677,0.488164139,0.494544447,0.439279412,5730,0.098069427,0.439279412,3.825732677,14.63623051,3.027587196,0.921438105
135,FCNN,Autocorr,32,24.74003698,21.42328674,3.936281266,0.020808728,0.027512667,0.561302968,5936,0.49428472,0.561302968,3.936281266,15.49431021,2.626408703,0.645201803
136,FCNN,Autocorr,64,20.00799674,18.60213171,4.486326161,0.136269507,0.180363334,0.281828328,5987,-0.033828909,0.281828328,4.486326161,20.12712243,3.049602384,0.971474999
137,FCNN,Autocorr,128,3.09346693,3.958233073,3.518146419,0.599660919,0.30586111,0.473571683,5999,0.278441731,0.473571683,3.518146419,12.37735423,2.381532056,0.618819998
138,FCNN,Autocorr,256,4.194933181,4.520475922,4.693729182,0.445635613,0.405095098,0.258980132,5200,-0.137368834,0.258980132,4.693729182,22.03109364,3.305373044,1.121912071
139,FCNN,Autocorr,512,3.825161408,4.236769446,4.695436461,0.496359355,0.439278394,0.293360637,5999,0.001554076,0.293360637,4.695436461,22.04712356,3.558831583,0.79743961
140,FCNN,Fragment,1,0.379493111,1.563165245,1.523619466,0.993020753,0.898265818,0.899327424,540,0.880757965,0.899327424,1.523619466,2.321416276,0.96841163,0.28406899
141,FCNN,Fragment,2,0.40806489,2.300016268,1.872797096,0.992209066,0.727768915,0.864910785,5930,0.820267148,0.864910785,1.872797096,3.507368961,0.84620355,0.324040146
142,FCNN,Fragment,4,0.399479204,1.979897902,1.184606373,0.992497409,0.827060106,0.914261506,378,0.908210634,0.914261506,1.184606373,1.40329226,0.761933622,0.105133998
143,FCNN,Fragment,8,0.228352536,1.791749509,2.08159384,0.997355935,0.870949568,0.834643073,310,0.822295017,0.834643073,2.08159384,4.333032916,1.147939416,0.194434793
144,FCNN,Fragment,16,0.40667145,0.863532039,1.042556598,0.992277118,0.955790206,0.934265395,1697,0.933020307,0.934265395,1.042556598,1.08692426,0.542810473,0.192991273
145,FCNN,Fragment,32,0.210303509,1.399895018,2.347181999,0.997768758,0.903727401,0.831303126,1526,0.820184402,0.831303126,2.347181999,5.509263337,1.091232084,0.330103587
146,FCNN,Fragment,64,0.397081797,1.150760638,1.334471111,0.992469861,0.934482319,0.924224561,755,0.908528598,0.924224561,1.334471111,1.780813145,0.719533298,0.261907015
147,FCNN,Fragment,128,0.403170399,1.110012481,1.814856454,0.992591486,0.932660106,0.829415489,1678,0.807988099,0.829415489,1.814856454,3.293703948,0.989613542,0.198081687
148,FCNN,Fragment,256,0.40934173,0.867698256,2.338633821,0.99199788,0.960218195,0.718114146,1815,0.717648747,0.718114146,2.338633821,5.46920815,0.962120526,0.252463564
149,FCNN,Fragment,512,0.371145249,0.95963545,1.198058782,0.993491914,0.940710024,0.941527261,3089,0.934997679,0.941527261,1.198058782,1.435344845,0.72623707,0.157207885
150,FCNN,Charge,1,1.976956909,3.145680671,2.973413307,0.809530745,0.583165391,0.565166718,5990,0.54586297,0.565166718,2.973413307,8.841186695,2.04821531,0.414552315
151,FCNN,Charge,2,2.143078392,2.242449077,2.297906871,0.783070606,0.721211204,0.739515259,5918,0.729410551,0.739515259,2.297906871,5.280375988,1.659531984,0.367777734
152,FCNN,Charge,4,2.147819632,2.055583422,2.421213237,0.781617934,0.817391023,0.647803022,5978,0.616548608,0.647803022,2.421213237,5.862273539,1.647866442,0.289799684
153,FCNN,Charge,8,1.948390327,2.109965566,2.843298956,0.808367525,0.822059732,0.719269229,5514,0.668447223,0.719269229,2.843298956,8.084348955,1.713939793,0.301164385
154,FCNN,Charge,16,2.076735689,1.689164136,1.843624839,0.798484211,0.826321635,0.792341636,5874,0.79054585,0.792341636,1.843624839,3.398952547,1.361007751,0.346323435
155,FCNN,Charge,32,1.706419596,2.334319816,3.321726479,0.850907963,0.728787724,0.644121859,5996,0.639868122,0.644121859,3.321726479,11.0338668,2.01018411,0.710219026
156,FCNN,Charge,64,2.052815217,1.769962722,2.845291325,0.798527653,0.84115957,0.599151848,5997,0.584165552,0.599151848,2.845291325,8.095682726,2.108188926,0.523266305
157,FCNN,Charge,128,2.169112893,1.891671896,3.134262896,0.784097465,0.784895864,0.495669924,5961,0.427316816,0.495669924,3.134262896,9.823603903,2.189592805,0.404299964
158,FCNN,Charge,256,2.04767809,2.310408059,3.675597359,0.7995677,0.721054595,0.411227452,5994,0.302537072,0.411227452,3.675597359,13.51001595,2.425440842,0.894607802
159,FCNN,Charge,512,2.091656663,2.496811285,1.976624701,0.794116827,0.574113851,0.824591793,5997,0.823062027,0.824591793,1.976624701,3.907045207,1.513346918,0.257852181
160,FCNN,Estate,1,0.175462923,3.165032478,1.442261434,0.998605873,0.691160624,0.900557306,388,0.893152507,0.900557306,1.442261434,2.080118045,0.846955863,0.195978463
161,FCNN,Estate,2,0.315269622,2.861489447,1.804224561,0.995287584,0.626981014,0.833549389,174,0.833188037,0.833549389,1.804224561,3.255226268,1.366540403,0.283637593
162,FCNN,Estate,4,0.372701051,2.546966805,1.364288207,0.994031673,0.719326144,0.889790088,304,0.878253499,0.889790088,1.364288207,1.861282311,0.850460217,0.121188955
163,FCNN,Estate,8,0.236332566,2.240199501,1.754761028,0.997568364,0.789167039,0.874585083,1229,0.873717381,0.874585083,1.754761028,3.079186266,1.043228782,0.336875825
164,FCNN,Estate,16,0.259078369,1.074583504,0.887475355,0.996857099,0.927006365,0.951731352,668,0.951464839,0.951731352,0.887475355,0.787612506,0.522655618,0.123400372
165,FCNN,Estate,32,0.229875039,1.259746523,2.737339602,0.998257391,0.926575562,0.761423542,5945,0.755436754,0.761423542,2.737339602,7.493028098,1.249792048,0.332958248
166,FCNN,Estate,64,0.373972893,1.334248821,1.684843333,0.995694486,0.915646758,0.858539138,252,0.854190429,0.858539138,1.684843333,2.838697056,1.044932956,0.245284464
167,FCNN,Estate,128,0.351587523,1.472939701,2.383007596,0.995224736,0.889949221,0.710408435,348,0.668949353,0.710408435,2.383007596,5.6787252,1.0223417,0.192179016
168,FCNN,Estate,256,0.378535186,0.787694177,2.400394027,0.99343399,0.968014524,0.709105595,3537,0.702538789,0.709105595,2.400394027,5.761891487,1.016989528,0.275319345
169,FCNN,Estate,512,0.252473847,1.492277444,1.051492787,0.997582962,0.880771846,0.952452489,1042,0.949929122,0.952452489,1.051492787,1.10563708,0.67938934,0.110092706
170,FCNN,Connectivity,1,1.227055205,2.006510402,1.678917185,0.928715697,0.829761693,0.859726621,5965,0.855211222,0.859726621,1.678917185,2.818762915,1.257845396,0.303871103
171,FCNN,Connectivity,2,1.804095201,2.57725776,1.706765649,0.876350818,0.715680295,0.865567851,5939,0.850722691,0.865567851,1.706765649,2.913048981,1.289758815,0.300403474
172,FCNN,Connectivity,4,1.626146782,1.784721905,1.514641508,0.880064858,0.863220293,0.860892,3911,0.849940343,0.860892,1.514641508,2.294138899,1.161063163,0.244492662
173,FCNN,Connectivity,8,1.454003624,2.426922913,2.644951146,0.901518822,0.745411462,0.72786034,5991,0.713091822,0.72786034,2.644951146,6.995766566,1.835109235,0.389319694
174,FCNN,Connectivity,16,1.634787042,1.555662787,2.114034725,0.875188931,0.844240855,0.770521797,5999,0.724597359,0.770521797,2.114034725,4.469142818,1.462393947,0.48054022
175,FCNN,Connectivity,32,1.517376942,1.967290837,2.279950677,0.88839692,0.823213162,0.876189204,5980,0.830337941,0.876189204,2.279950677,5.198175092,1.575941591,0.526729351
176,FCNN,Connectivity,64,1.428425532,1.662273118,1.90114629,0.915242689,0.883512192,0.815745575,5878,0.814348673,0.815745575,1.90114629,3.614357216,1.30837033,0.314966067
177,FCNN,Connectivity,128,1.286400504,1.595356519,2.321569226,0.925218646,0.840102559,0.724935555,5984,0.685799505,0.724935555,2.321569226,5.389683669,1.307747223,0.337069529
178,FCNN,Connectivity,256,1.468933012,1.69788706,1.746988381,0.905327229,0.870512875,0.865564917,5951,0.842440244,0.865564917,1.746988381,3.051968405,1.336212639,0.388112719
179,FCNN,Connectivity,512,1.340152947,1.602663976,2.440820529,0.917334736,0.841305742,0.771080165,5969,0.730198533,0.771080165,2.440820529,5.957604856,1.680776456,0.426742746
180,FCNN,Topology,1,3.529414786,3.660553881,3.847404021,0.400819326,0.471575723,0.239654402,5998,0.239652814,0.239654402,3.847404021,14.8025177,3.15473662,0.786536601
181,FCNN,Topology,2,3.860325189,3.615307117,4.36928748,0.306301777,0.22404552,0.223120103,5950,0.021710818,0.223120103,4.36928748,19.09067309,3.525329652,0.603978054
182,FCNN,Topology,4,3.79246165,4.032399634,4.164493579,0.331361149,0.310152275,0.055145891,5981,-0.134406308,0.055145891,4.164493579,17.34300677,3.417121951,0.584136238
183,FCNN,Topology,8,3.680786998,4.0995792,4.04362984,0.316464598,0.282919403,0.365380443,5981,0.329420298,0.365380443,4.04362984,16.35094228,3.206402913,0.943434036
184,FCNN,Topology,16,4.122825148,4.049737949,3.901904528,0.20531801,0.116937395,0.069657321,5278,0.061796291,0.069657321,3.901904528,15.22485895,3.415146858,0.926272391
185,FCNN,Topology,32,3.57085904,3.365353035,4.36107459,0.354498319,0.451918421,0.454074776,5999,0.379244097,0.454074776,4.36107459,19.01897158,3.43369137,0.843871709
186,FCNN,Topology,64,3.654502663,3.168050193,4.023226692,0.366608668,0.520062406,0.248293481,5991,0.168588568,0.248293481,4.023226692,16.18635302,3.356120964,1.146069571
187,FCNN,Topology,128,3.693628237,3.533165865,3.217128307,0.390861435,0.181044822,0.43516603,5928,0.396634669,0.43516603,3.217128307,10.34991454,2.673659335,0.729311862
188,FCNN,Topology,256,3.745041848,3.69156416,3.376378084,0.349416109,0.332496549,0.488718964,5890,0.411471617,0.488718964,3.376378084,11.39992897,2.744650879,0.849979574
189,FCNN,Topology,512,4.105804643,3.687270497,4.225616235,0.208319498,0.079602808,0.198249471,5969,0.19136466,0.198249471,4.225616235,17.85583257,3.642816725,0.791876891
190,FCNN,Kappa,1,2.88143715,2.893332261,3.300829512,0.597890443,0.666020071,0.441656004,5286,0.440342225,0.441656004,3.300829512,10.89547547,2.409912936,0.644296633
191,FCNN,Kappa,2,3.832403217,3.630268323,4.08894901,0.303646907,0.282432791,0.203487866,2182,0.143219842,0.203487866,4.08894901,16.71950401,3.251937308,0.797803345
192,FCNN,Kappa,4,3.001275984,3.024241329,3.163509945,0.572847768,0.658836031,0.383929442,5472,0.345389982,0.383929442,3.163509945,10.00779517,2.448409533,0.380486798
193,FCNN,Kappa,8,2.928262474,3.474471952,3.338999088,0.565625227,0.484473691,0.57894899,3806,0.542764209,0.57894899,3.338999088,11.14891491,2.587716936,0.718917439
194,FCNN,Kappa,16,3.001237428,2.95387965,2.813265574,0.578351936,0.501828736,0.51593427,5838,0.512285877,0.51593427,2.813265574,7.914463192,2.225565582,0.55423019
195,FCNN,Kappa,32,2.571348336,2.599748968,3.818718181,0.66141981,0.675540867,0.56904545,5952,0.524041544,0.56904545,3.818718181,14.58260855,2.711031402,0.90341505
196,FCNN,Kappa,64,2.860838856,3.202009324,3.697651675,0.607818805,0.485349841,0.357241158,5788,0.297705966,0.357241158,3.697651675,13.67262791,2.918299719,0.849312538
197,FCNN,Kappa,128,2.848410519,3.196680591,2.958390651,0.627627345,0.352770409,0.500867088,3896,0.489783345,0.500867088,2.958390651,8.752075246,2.234531128,0.717294551
198,FCNN,Kappa,256,3.189206038,3.791741878,3.548709442,0.513850023,0.267597561,0.388250891,1874,0.349861101,0.388250891,3.548709442,12.5933387,2.832254409,0.859025052
199,FCNN,Kappa,512,3.046090696,2.436533977,3.026069569,0.561711158,0.592592004,0.586162764,3937,0.585303444,0.586162764,3.026069569,9.157097039,2.185081559,0.539552636
200,FCNN,Path,1,3.150070726,3.166956496,2.651555495,0.673008466,0.667411217,0.678834314,5488,0.638858169,0.678834314,2.651555495,7.030746543,2.160013348,0.523983528
201,FCNN,Path,2,2.807889367,2.686772417,3.160139467,0.635422566,0.58347648,0.495646831,5991,0.488249224,0.495646831,3.160139467,9.986481453,2.395848321,0.539625592
202,FCNN,Path,4,2.403662099,2.883477723,2.635640701,0.740637275,0.663880767,0.545723089,5998,0.545622675,0.545723089,2.635640701,6.946601903,2.088417868,0.328577611
203,FCNN,Path,8,2.476891941,3.046706591,4.446545713,0.768474318,0.622949785,0.248281043,5983,0.189126438,0.248281043,4.446545713,19.77176877,2.736571568,0.611262587
204,FCNN,Path,16,2.577205497,1.92503121,2.563341252,0.734488412,0.798071739,0.644326341,5962,0.595091661,0.644326341,2.563341252,6.570718374,1.697522859,0.709855663
205,FCNN,Path,32,2.600260857,3.652107598,4.169343845,0.67941468,0.32700839,0.438458024,5712,0.43262623,0.438458024,4.169343845,17.3834281,2.877224416,0.734600992
206,FCNN,Path,64,2.789291175,3.062123372,2.834749423,0.76280636,0.761244464,0.603152911,5714,0.587241206,0.603152911,2.834749423,8.035804293,2.09411248,0.623748682
207,FCNN,Path,128,2.814545004,2.587189027,2.905452248,0.702041662,0.690318973,0.522222244,5977,0.507879936,0.522222244,2.905452248,8.441652765,1.943685017,0.509537422
208,FCNN,Path,256,2.463976987,2.048131832,2.783780174,0.74120755,0.858918008,0.603814362,5950,0.599930778,0.603814362,2.783780174,7.749432057,1.928222966,0.510752463
209,FCNN,Path,512,2.530180692,2.535598051,2.544669326,0.707973224,0.603824219,0.734340735,5982,0.706751822,0.734340735,2.544669326,6.475341977,2.238728972,0.366980408
210,FCNN,InfoContent,1,3.006468344,3.181325581,2.839341357,0.63581871,0.615703214,0.59551685,5987,0.585893955,0.59551685,2.839341357,8.061859339,1.981845377,0.467776531
211,FCNN,InfoContent,2,2.733097662,3.436749627,4.601078002,0.688337598,0.513129895,0.106522156,2219,-0.084838782,0.106522156,4.601078002,21.16991878,3.642581158,0.757728514
212,FCNN,InfoContent,4,3.141110375,3.240650101,3.532345042,0.586106447,0.594530433,0.327641951,5891,0.183849074,0.327641951,3.532345042,12.47746149,2.689842472,0.401195054
213,FCNN,InfoContent,8,3.117564037,3.13644262,3.274580496,0.580523931,0.604011053,0.563763063,5882,0.560236724,0.563763063,3.274580496,10.72287743,2.535855255,0.733115853
214,FCNN,InfoContent,16,3.083011503,2.506306786,3.144982481,0.584954734,0.594208424,0.448910608,5994,0.390490711,0.448910608,3.144982481,9.890914806,2.436860033,0.794401905
215,FCNN,InfoContent,32,2.823090442,3.51352031,4.218832868,0.637748646,0.400610131,0.536624949,5935,0.419077135,0.536624949,4.218832868,17.79855077,2.982440927,0.668259873
216,FCNN,InfoContent,64,3.468174089,3.250157959,3.863413398,0.469864566,0.545502941,0.349596934,5988,0.233328451,0.349596934,3.863413398,14.92596308,3.287396076,1.118950107
217,FCNN,InfoContent,128,3.871420825,3.064883278,3.929703242,0.378548327,0.389091029,0.14050214,5980,0.099750066,0.14050214,3.929703242,15.44256757,3.002313335,0.893800784
218,FCNN,InfoContent,256,2.922240393,3.045960131,3.549630916,0.596172449,0.538375028,0.357725175,5980,0.349523422,0.357725175,3.549630916,12.59987964,2.62707649,0.75552212
219,FCNN,InfoContent,512,2.627943496,2.463041993,3.532690886,0.677948236,0.590891463,0.454339466,5951,0.43482377,0.454339466,3.532690886,12.4799049,2.65663065,0.575901413
220,FCNN,moe206,1,1.882772281,1.871181662,2.270265559,0.829935202,0.854261752,0.758078294,5878,0.735253836,0.758078294,2.270265559,5.154105709,1.588727671,0.430251395
221,FCNN,moe206,2,1.510814576,1.876606318,1.759825433,0.891849102,0.810446059,0.848482169,4348,0.84129698,0.848482169,1.759825433,3.096985554,1.520763114,0.329663579
222,FCNN,moe206,4,2.3257599,2.493140152,2.540104021,0.80586032,0.811615138,0.585874057,5914,0.577966191,0.585874057,2.540104021,6.45212844,1.762353558,0.360268667
223,FCNN,moe206,8,6.213438588,6.304549442,1.887424714,0.630522275,0.658545015,0.854051524,5947,0.853901118,0.854051524,1.887424714,3.562372049,1.238057477,0.28152532
224,FCNN,moe206,16,1.922353026,1.534845976,2.208307042,0.849859263,0.862420147,0.702052502,5682,0.699487333,0.702052502,2.208307042,4.876619994,1.593358309,0.591525649
225,FCNN,moe206,32,1.844684521,2.031397518,3.085103201,0.827448849,0.795360118,0.713207683,5908,0.689348667,0.713207683,3.085103201,9.517861762,2.192744914,0.596125353
226,FCNN,moe206,64,1.808370044,1.728711752,2.568653273,0.845153446,0.847623182,0.667902354,2829,0.661095017,0.667902354,2.568653273,6.597979636,1.867100064,0.483837845
227,FCNN,moe206,128,1.919606065,2.054048063,2.709504973,0.845255727,0.755754189,0.614564193,5619,0.572019982,0.614564193,2.709504973,7.341417196,1.934602407,0.49067714
228,FCNN,moe206,256,1.776531611,2.594024465,2.530305519,0.849722887,0.649516214,0.670480076,5999,0.669469765,0.670480076,2.530305519,6.402446019,1.924339568,0.589511771
229,FCNN,moe206,512,5.673446801,4.903354599,2.436500118,0.519846636,0.436866238,0.747996127,5949,0.73115282,0.747996127,2.436500118,5.936532824,1.794155637,0.393038458
,model,fp_types,seed,train_rmse,valid_rmse,test_rmse,train_r2,valid_r2,test_r2,best_epoch,r2_score,pearson_r2,rmse,mse,mae,mape
0,FCNN,MAP4,1,0.072980403,2.735429113,2.106333905,0.999739831,0.695312852,0.793689916,181,0.772107102,0.793689916,2.106333905,4.43664252,1.415054477,0.211526846
1,FCNN,MAP4,2,0.073447976,1.912336459,2.084890863,0.999744191,0.786754326,0.785773638,281,0.77725259,0.785773638,2.084890863,4.346769909,1.311270418,0.245970774
2,FCNN,MAP4,4,0.085050081,2.30074783,2.00206469,0.999739506,0.803509921,0.779150484,145,0.737819461,0.779150484,2.00206469,4.008263024,1.479511795,0.211564507
3,FCNN,MAP4,8,0.076149061,2.161277568,2.207797253,0.999720614,0.813137242,0.81500199,5297,0.800093924,0.81500199,2.207797253,4.87436871,1.344158641,0.353560353
4,FCNN,MAP4,16,0.073770226,1.344566466,1.441995722,0.999744544,0.887928229,0.872115358,2767,0.871863809,0.872115358,1.441995722,2.079351661,1.13609691,0.281988273
5,FCNN,MAP4,32,0.072550388,2.04784128,3.13594647,0.999730202,0.820241315,0.702955947,162,0.679025072,0.702955947,3.13594647,9.834160264,1.907281403,0.512282034
6,FCNN,MAP4,64,0.020539485,1.883089892,1.952465861,0.999988916,0.825446411,0.838448351,155,0.804190444,0.838448351,1.952465861,3.812122939,1.536281193,0.414462274
7,FCNN,MAP4,128,0.073501764,1.527126911,2.381109646,0.999751455,0.845750919,0.676913083,232,0.669476474,0.676913083,2.381109646,5.669683148,1.556889109,0.315893123
8,FCNN,MAP4,256,0.073268908,1.517626017,2.102636064,0.999743005,0.89377779,0.778810422,1822,0.771759093,0.778810422,2.102636064,4.421078418,1.274474684,0.34077233
9,FCNN,MAP4,512,0.073021289,1.168349546,1.614504796,0.999748015,0.901694864,0.883442348,5704,0.881953996,0.883442348,1.614504796,2.606625735,1.220161905,0.210596199
,model,fp_types,seed,train_rmse,valid_rmse,test_rmse,train_r2,valid_r2,test_r2,best_epoch,r2_score,pearson_r2,rmse,mse,mae,mape
0,FCNN,MorganFP_CC,1,0.398133815,0.89701452,0.926101095,0.992254053,0.966491831,0.957764407,1682,0.955945209,0.957764407,0.926101095,0.857663238,0.563047485,0.101131267
1,FCNN,MorganFP_CC,2,0.390998363,0.965050067,0.656419923,0.992751391,0.944583706,0.979724303,237,0.977919469,0.979724303,0.656419923,0.430887115,0.486592903,0.125360604
2,FCNN,MorganFP_CC,4,0.429638172,1.47633732,1.019034712,0.991254846,0.912476462,0.940897536,131,0.932076165,0.940897536,1.019034712,1.038431745,0.708275418,0.0996894
3,FCNN,MorganFP_CC,8,0.46674259,1.159358417,1.22485079,0.990529007,0.944744954,0.945022591,127,0.938471831,0.945022591,1.22485079,1.500259459,0.678718448,0.138322001
4,FCNN,MorganFP_CC,16,0.439697708,0.744971881,0.586528757,0.991642358,0.964339883,0.979622083,83,0.978800653,0.979622083,0.586528757,0.344015982,0.441307002,0.08851679
5,FCNN,MorganFP_CC,32,0.430948466,1.521143935,1.796838283,0.990493812,0.888603158,0.908858991,643,0.894621548,0.908858991,1.796838283,3.228627816,0.74519141,0.087196087
6,FCNN,MorganFP_CC,64,0.407474546,1.197251534,1.085599576,0.992284175,0.926932714,0.940607952,444,0.939465032,0.940607952,1.085599576,1.17852644,0.623055854,0.140027804
7,FCNN,MorganFP_CC,128,0.394272764,1.005346795,0.956478082,0.992849795,0.938455168,0.95057774,607,0.946667292,0.95057774,0.956478082,0.914850321,0.518691047,0.087630315
8,FCNN,MorganFP_CC,256,0.358770598,1.03802461,1.575723598,0.993971179,0.948636501,0.877824574,2407,0.871818501,0.877824574,1.575723598,2.482904858,0.822151551,0.258527271
9,FCNN,MorganFP_CC,512,0.386172262,1.107178532,1.098160335,0.992954519,0.920876942,0.947820509,216,0.945385983,0.947820509,1.098160335,1.205956122,0.714947425,0.11881531
10,FCNN,RDkitFP_CC,1,0.331749502,1.44656681,0.920955767,0.994698514,0.924039039,0.957698978,328,0.956433377,0.957698978,0.920955767,0.848159525,0.602347793,0.101195534
11,FCNN,RDkitFP_CC,2,0.327775704,0.919860824,0.758017349,0.995169948,0.954330231,0.97062989,2400,0.970555492,0.97062989,0.758017349,0.574590302,0.509611487,0.088059283
12,FCNN,RDkitFP_CC,4,0.358432626,1.625216537,0.972473831,0.993903836,0.883155796,0.943071523,110,0.9381414,0.943071523,0.972473831,0.945705352,0.662355263,0.093846654
13,FCNN,RDkitFP_CC,8,0.40935586,0.892081757,1.315200977,0.9939852,0.971223622,0.932349651,1564,0.929059889,0.932349651,1.315200977,1.729753611,0.54692855,0.086668762
14,FCNN,RDkitFP_CC,16,0.369049452,0.689149484,0.546234129,0.994084853,0.973643215,0.985286348,5630,0.981613396,0.985286348,0.546234129,0.298371724,0.395236783,0.08123973
15,FCNN,RDkitFP_CC,32,0.327102059,1.451738114,1.627451443,0.994583324,0.898772769,0.918110865,723,0.913553004,0.918110865,1.627451443,2.648598198,0.787326381,0.088461321
16,FCNN,RDkitFP_CC,64,0.341704526,1.098839494,1.035139376,0.99442083,0.940499242,0.948851805,241,0.944961747,0.948851805,1.035139376,1.071513528,0.594819323,0.098984722
17,FCNN,RDkitFP_CC,128,0.332980604,0.924212337,0.939821857,0.994953619,0.948727323,0.950090376,5041,0.948508604,0.950090376,0.939821857,0.883265122,0.552805503,0.088246872
18,FCNN,RDkitFP_CC,256,0.316730533,1.058290748,1.091145363,0.996349834,0.943225523,0.940466067,5498,0.938534631,0.940466067,1.091145363,1.190598204,0.550700222,0.126707156
19,FCNN,RDkitFP_CC,512,0.34295466,1.072478364,1.126098101,0.994906423,0.925255597,0.94420024,315,0.942571818,0.94420024,1.126098101,1.268096933,0.680077583,0.099127838
20,FCNN,AtomPairFP_CC,1,0.077091414,1.740482214,1.040623614,0.999725182,0.876287552,0.944959612,177,0.944375809,0.944959612,1.040623614,1.082897505,0.72696125,0.129552255
21,FCNN,AtomPairFP_CC,2,0.075135573,1.441242931,1.366820931,0.999734485,0.881731079,0.916613991,2097,0.904265328,0.916613991,1.366820931,1.868199457,0.922993896,0.104767209
22,FCNN,AtomPairFP_CC,4,0.07466141,1.334598687,1.042642716,0.999735476,0.925002749,0.931211261,5444,0.928892523,0.931211261,1.042642716,1.087103834,0.734500757,0.109613559
23,FCNN,AtomPairFP_CC,8,0.118024314,1.339815095,1.398110845,0.999710672,0.937091381,0.924577888,103,0.919833887,0.924577888,1.398110845,1.954713934,0.873145911,0.150292809
24,FCNN,AtomPairFP_CC,16,0.077757011,1.128305919,0.777210107,0.999726715,0.925239785,0.963816286,132,0.962776196,0.963816286,0.777210107,0.60405555,0.579897041,0.123670002
25,FCNN,AtomPairFP_CC,32,0.072341784,1.498174021,1.857609486,0.999731216,0.898900769,0.899088101,234,0.88737296,0.899088101,1.857609486,3.450713002,0.917884085,0.164241836
26,FCNN,AtomPairFP_CC,64,0.020905491,1.302578844,1.321107419,0.999979046,0.921391313,0.917313876,140,0.910351455,0.917313876,1.321107419,1.745324813,0.960768932,0.24109707
27,FCNN,AtomPairFP_CC,128,0.074528989,1.192024748,0.999489765,0.999746807,0.915816174,0.943442883,228,0.941762826,0.943442883,0.999489765,0.998979791,0.683593422,0.124271405
28,FCNN,AtomPairFP_CC,256,0.074988556,1.017593766,1.65744118,0.999731823,0.952653132,0.867914236,5573,0.858178682,0.867914236,1.65744118,2.747111266,0.936788264,0.205094869
29,FCNN,AtomPairFP_CC,512,0.074036257,1.320574408,1.264304051,0.999742127,0.897475937,0.928794169,146,0.927610484,0.928794169,1.264304051,1.598464733,0.801638219,0.116658484
30,FCNN,TorsionFP_CC,1,0.44595669,1.444515393,1.079182065,0.990493734,0.927640887,0.94381211,207,0.94017733,0.94381211,1.079182065,1.164633929,0.618665954,0.097063608
31,FCNN,TorsionFP_CC,2,0.456748676,1.05658427,0.693296248,0.99024564,0.935628743,0.97792359,525,0.975368906,0.97792359,0.693296248,0.480659687,0.476158121,0.111750548
32,FCNN,TorsionFP_CC,4,0.467876543,1.811704725,1.114856876,0.989735026,0.854937562,0.925379873,125,0.918701511,0.925379873,1.114856876,1.242905854,0.730643754,0.096454519
33,FCNN,TorsionFP_CC,8,0.46982502,1.08107624,1.324046328,0.988800803,0.949497082,0.935494732,174,0.928102468,0.935494732,1.324046328,1.75309868,0.727408978,0.103259038
34,FCNN,TorsionFP_CC,16,0.437545375,1.049464119,0.554161365,0.991013053,0.929447466,0.981264983,163,0.981075851,0.981264983,0.554161365,0.307094818,0.402244257,0.075139937
35,FCNN,TorsionFP_CC,32,0.475932709,1.822433199,1.680969614,0.988871479,0.841023877,0.917498751,255,0.907773961,0.917498751,1.680969614,2.825658843,0.743459996,0.085018972
36,FCNN,TorsionFP_CC,64,0.445038544,1.223477193,1.289393235,0.990602024,0.923963652,0.914644729,300,0.914603955,0.914644729,1.289393235,1.662534914,0.70676408,0.114027245
37,FCNN,TorsionFP_CC,128,0.438369428,1.80677771,0.998811777,0.991190735,0.852570976,0.948956273,137,0.941841808,0.948956273,0.998811777,0.997624965,0.566478844,0.115519057
38,FCNN,TorsionFP_CC,256,0.397178987,1.028806005,1.425486955,0.992460826,0.95028811,0.895915882,5866,0.895096069,0.895915882,1.425486955,2.032013059,0.668375061,0.128122968
39,FCNN,TorsionFP_CC,512,0.429278036,1.009253972,1.229741598,0.99132956,0.932733713,0.932751049,686,0.93151423,0.932751049,1.229741598,1.512264397,0.839218924,0.133914202
40,FCNN,AvalonFP_CC,1,0.463448998,1.586932668,1.065716928,0.989508003,0.89877461,0.944544669,138,0.941660852,0.944544669,1.065716928,1.13575257,0.63097814,0.100948661
41,FCNN,AvalonFP_CC,2,0.468136266,1.16574638,0.684978441,0.98980147,0.92389137,0.978403226,398,0.975956382,0.978403226,0.684978441,0.469195465,0.547088154,0.128979503
42,FCNN,AvalonFP_CC,4,0.505915122,1.547692222,1.139417828,0.988455214,0.894418788,0.921366048,112,0.915079946,0.921366048,1.139417828,1.298272987,0.766095394,0.102450845
43,FCNN,AvalonFP_CC,8,0.493501015,1.075093748,1.391917882,0.987678,0.95043817,0.924153665,581,0.920542509,0.924153665,1.391917882,1.937435391,0.60149425,0.106300987
44,FCNN,AvalonFP_CC,16,0.497410089,0.875237409,0.635707075,0.988406621,0.952759054,0.975221938,128,0.975096639,0.975221938,0.635707075,0.404123485,0.451358621,0.085030425
45,FCNN,AvalonFP_CC,32,0.482967408,1.646999445,1.735435591,0.988065581,0.870204618,0.910429828,178,0.901700609,0.910429828,1.735435591,3.011736692,0.766238811,0.08829406
46,FCNN,AvalonFP_CC,64,0.466429413,1.285678662,1.244345513,0.98956804,0.919268495,0.921339481,151,0.920466708,0.921339481,1.244345513,1.548395757,0.709598977,0.131843347
47,FCNN,AvalonFP_CC,128,0.469111732,1.271096032,1.136692689,0.990038462,0.914668616,0.925537205,1224,0.924676634,0.925537205,1.136692689,1.292070268,0.635806246,0.140599116
48,FCNN,AvalonFP_CC,256,0.434974132,1.229310195,1.464989829,0.991532845,0.928936569,0.901282834,1907,0.889201346,0.901282834,1.464989829,2.146195199,0.824153046,0.197921195
49,FCNN,AvalonFP_CC,512,0.439534277,1.323954814,1.166009802,0.990870382,0.896308164,0.940496991,182,0.938428885,0.940496991,1.166009802,1.359578858,0.701599015,0.091043557
50,FCNN,EstateFP_CC,1,0.901395859,1.254428986,1.231811611,0.960981035,0.935391656,0.925451064,911,0.922059185,0.925451064,1.231811611,1.517359845,0.684059263,0.098521607
51,FCNN,EstateFP_CC,2,1.040754322,0.889961511,0.581609723,0.949968352,0.956851005,0.982672178,912,0.98266558,0.982672178,0.581609723,0.33826987,0.457865234,0.075377264
52,FCNN,EstateFP_CC,4,0.889332831,1.455329842,1.270338473,0.96259398,0.910148086,0.913101488,1379,0.894443947,0.913101488,1.270338473,1.613759837,0.784609329,0.10419291
53,FCNN,EstateFP_CC,8,0.955461494,0.895563013,1.451509457,0.953759741,0.970067875,0.928641499,473,0.913593312,0.928641499,1.451509457,2.106879705,0.849123638,0.155437363
54,FCNN,EstateFP_CC,16,1.029190596,0.667620549,0.5659337,0.95051353,0.972583854,0.980760139,677,0.98026328,0.980760139,0.5659337,0.320280953,0.427738603,0.082357262
55,FCNN,EstateFP_CC,32,0.796864022,1.6238709,1.693133162,0.967390237,0.867477803,0.915437356,859,0.906434431,0.915437356,1.693133162,2.866699905,0.846285449,0.133960397
56,FCNN,EstateFP_CC,64,0.948095419,1.14560525,1.310775293,0.958822347,0.935722167,0.91547681,5467,0.911748219,0.91547681,1.310775293,1.718131869,0.597165983,0.086461247
57,FCNN,EstateFP_CC,128,0.958947597,0.965095941,1.138672452,0.95835964,0.943796975,0.93110935,2981,0.924414026,0.93110935,1.138672452,1.296574954,0.567985661,0.102966692
58,FCNN,EstateFP_CC,256,0.907073351,1.217313664,1.124177354,0.960833826,0.936231038,0.938543174,5349,0.934756848,0.938543174,1.124177354,1.263774724,0.65942172,0.126192557
59,FCNN,EstateFP_CC,512,1.004137782,0.694675475,0.974684752,0.952871553,0.96849639,0.960163202,4716,0.956976974,0.960163202,0.974684752,0.950010365,0.672170307,0.100529115
60,FCNN,MACCSFP_CC,1,0.675547603,1.248877811,1.146896086,0.977721554,0.936060958,0.934168135,1069,0.932434578,0.934168135,1.146896086,1.315370633,0.629839235,0.090562407
61,FCNN,MACCSFP_CC,2,0.722161948,0.783310978,0.572235835,0.975685468,0.963692642,0.983299992,785,0.983219839,0.983299992,0.572235835,0.327453851,0.475444082,0.08642777
62,FCNN,MACCSFP_CC,4,0.710779013,1.455341372,1.201498926,0.976757768,0.909236989,0.914966363,1299,0.905574126,0.914966363,1.201498926,1.443599669,0.779279162,0.11133162
63,FCNN,MACCSFP_CC,8,0.669450129,1.251638028,1.402727444,0.977286726,0.932468522,0.934301014,377,0.919303592,0.934301014,1.402727444,1.967644282,0.802260319,0.165936312
64,FCNN,MACCSFP_CC,16,0.725283754,0.809504031,0.633755936,0.975601886,0.958106277,0.975379315,600,0.975249274,0.975379315,0.633755936,0.401646586,0.462745443,0.104000021
65,FCNN,MACCSFP_CC,32,0.653715293,1.364316019,1.898219302,0.980756546,0.920820234,0.8868881,5998,0.88239478,0.8868881,1.898219302,3.603236517,0.988398504,0.134487906
66,FCNN,MACCSFP_CC,64,0.652510666,1.493815241,1.181938127,0.979670402,0.90078866,0.930793982,1225,0.92824429,0.930793982,1.181938127,1.396977736,0.619909674,0.105297464
67,FCNN,MACCSFP_CC,128,0.677620891,1.255490717,1.205171907,0.97942097,0.914317731,0.925375793,1937,0.915327655,0.925375793,1.205171907,1.452439326,0.603825673,0.126307521
68,FCNN,MACCSFP_CC,256,0.639252731,1.20782859,1.326124417,0.98054639,0.934294383,0.914180407,1095,0.909210879,0.914180407,1.326124417,1.758605971,0.706675874,0.147541357
69,FCNN,MACCSFP_CC,512,0.656877084,1.108393089,1.02893151,0.98176596,0.946939819,0.957011314,954,0.952054754,0.957011314,1.02893151,1.058700053,0.685054255,0.105640732
70,FCNN,PharmacoErGFP_CC,1,0.360383762,0.823407843,1.108992459,0.993654071,0.97332262,0.937128909,312,0.936826703,0.937128909,1.108992459,1.229864274,0.7376075,0.143586146
71,FCNN,PharmacoErGFP_CC,2,0.358121756,1.281996124,0.925053148,0.993932202,0.905454182,0.958764895,1786,0.956149012,0.958764895,0.925053148,0.855723326,0.637347173,0.0956886
72,FCNN,PharmacoErGFP_CC,4,0.348961463,0.871018619,0.887527701,0.994222649,0.968576197,0.9579681,934,0.948476178,0.9579681,0.887527701,0.787705421,0.608203543,0.087021595
73,FCNN,PharmacoErGFP_CC,8,0.172364503,0.98488573,1.293240943,0.998495237,0.961876841,0.936029938,295,0.931409099,0.936029938,1.293240943,1.672472138,0.601875331,0.103420204
74,FCNN,PharmacoErGFP_CC,16,0.346800086,0.847842501,0.756166551,0.994355095,0.956339191,0.969774454,701,0.964764634,0.969774454,0.756166551,0.571787853,0.519182735,0.083901681
75,FCNN,PharmacoErGFP_CC,32,0.13894456,1.182702792,1.847189737,0.999011774,0.932390568,0.895797121,600,0.888632917,0.895797121,1.847189737,3.412109925,0.966087405,0.174336077
76,FCNN,PharmacoErGFP_CC,64,0.338555166,1.260454653,0.736355074,0.994511872,0.932254492,0.974907944,561,0.972148951,0.974907944,0.736355074,0.542218796,0.55276337,0.18926682
77,FCNN,PharmacoErGFP_CC,128,0.362411837,0.789548623,0.507316177,0.993958041,0.961300948,0.987446897,1730,0.984996209,0.987446897,0.507316177,0.257369704,0.351718535,0.07370834
78,FCNN,PharmacoErGFP_CC,256,0.351678951,1.11460642,1.237945816,0.994133826,0.939852203,0.927463761,1069,0.920883232,0.927463761,1.237945816,1.532509843,0.560213744,0.129981033
79,FCNN,PharmacoErGFP_CC,512,0.337381271,1.180655192,1.405661806,0.994646813,0.916538982,0.921789551,1311,0.910518284,0.921789551,1.405661806,1.975885114,0.79053364,0.111483631
80,FCNN,PharmacoPFP_CC,1,0.330616756,1.351814667,1.026632118,0.99466029,0.935836566,0.947343746,301,0.945861521,0.947343746,1.026632118,1.053973506,0.683185855,0.156082946
81,FCNN,PharmacoPFP_CC,2,0.377900786,1.461255284,0.733948685,0.994816881,0.904574248,0.974717292,368,0.972395658,0.974717292,0.733948685,0.538680673,0.566120325,0.105542412
82,FCNN,PharmacoPFP_CC,4,0.346990311,1.257549818,0.837371518,0.994900739,0.943632766,0.955304233,956,0.954135083,0.955304233,0.837371518,0.70119106,0.528584879,0.087816213
83,FCNN,PharmacoPFP_CC,8,0.320118727,1.57321111,1.399583935,0.996155531,0.914750527,0.937188452,199,0.919664867,0.937188452,1.399583935,1.958835192,0.928049314,0.2257661
84,FCNN,PharmacoPFP_CC,16,0.253911956,0.951536552,0.672313423,0.997111091,0.943104929,0.973247035,232,0.972146009,0.973247035,0.672313423,0.452005338,0.510031715,0.123172384
85,FCNN,PharmacoPFP_CC,32,0.280085778,1.255081206,1.71851079,0.996106934,0.924649055,0.912146932,1086,0.903608585,0.912146932,1.71851079,2.953279334,0.925035831,0.179316803
86,FCNN,PharmacoPFP_CC,64,0.279428936,1.437796495,1.081024133,0.996796064,0.911114266,0.947500646,533,0.939974227,0.947500646,1.081024133,1.168613176,0.710297982,0.158393345
87,FCNN,PharmacoPFP_CC,128,0.284266075,1.415123034,0.826319282,0.996284161,0.916836711,0.975129605,1896,0.960194841,0.975129605,0.826319282,0.682803555,0.50999061,0.095044215
88,FCNN,PharmacoPFP_CC,256,0.316718132,1.244874376,1.187343652,0.995217108,0.92169316,0.92907016,616,0.92721898,0.92907016,1.187343652,1.409784949,0.613342891,0.142863881
89,FCNN,PharmacoPFP_CC,512,0.248464811,1.350663315,1.132614212,0.997422312,0.904206112,0.944177481,333,0.941905285,0.944177481,1.132614212,1.282814953,0.791232713,0.120748393
90,FCNN,PubChemFP_CC,1,0.489004277,1.510637377,1.043350464,0.989171489,0.907140353,0.947576609,604,0.944083912,0.947576609,1.043350464,1.088580192,0.667711007,0.10699726
91,FCNN,PubChemFP_CC,2,0.578517233,1.153859987,0.880058627,0.987080396,0.938825436,0.961960947,417,0.960311086,0.961960947,0.880058627,0.774503186,0.569907434,0.115912949
92,FCNN,PubChemFP_CC,4,0.508300548,2.036984188,1.038048198,0.988092002,0.819805656,0.933481204,271,0.929517828,0.933481204,1.038048198,1.077544062,0.729110411,0.098638167
93,FCNN,PubChemFP_CC,8,0.462137347,1.178632464,1.363667808,0.989236242,0.947499512,0.928635217,272,0.923735084,0.928635217,1.363667808,1.85958989,0.722225516,0.137225542
94,FCNN,PubChemFP_CC,16,0.576037881,0.840241746,0.62989791,0.985497588,0.954474202,0.975946015,235,0.975549699,0.975946015,0.62989791,0.396771377,0.464783757,0.100326502
95,FCNN,PubChemFP_CC,32,0.447764737,1.454101623,1.642687005,0.989706871,0.900781133,0.913796242,5524,0.911926862,0.913796242,1.642687005,2.698420596,0.922156926,0.1456191
96,FCNN,PubChemFP_CC,64,0.481547776,1.279536119,1.117160798,0.988918021,0.916162895,0.937221837,390,0.935894047,0.937221837,1.117160798,1.24804825,0.664152316,0.123359406
97,FCNN,PubChemFP_CC,128,0.510801944,1.040302923,1.10140983,0.988424947,0.942651666,0.931917026,964,0.929280125,0.931917026,1.10140983,1.213103614,0.711013226,0.151833684
98,FCNN,PubChemFP_CC,256,0.563896708,1.156341124,0.696347791,0.984860754,0.93510747,0.980865953,5954,0.974966725,0.980865953,0.696347791,0.484900247,0.484206578,0.14402058
99,FCNN,PubChemFP_CC,512,0.497886829,1.014678936,1.055643066,0.98829121,0.935214555,0.951353759,432,0.949533079,0.951353759,1.055643066,1.114382283,0.68632263,0.096589796
100,FCNN,MHFP6_CC,1,0.339190315,1.06423102,0.954996082,0.994377533,0.95241128,0.954229642,4535,0.953153243,0.954229642,0.954996082,0.912017516,0.613006371,0.104829842
101,FCNN,MHFP6_CC,2,0.738674756,1.06548216,0.97353808,0.995587134,0.945963041,0.951735497,5174,0.951431812,0.951735497,0.97353808,0.947776393,0.615064457,0.085535919
102,FCNN,MHFP6_CC,4,0.336372711,1.384894842,0.938961784,0.994635121,0.918864982,0.94814333,145,0.942331312,0.94814333,0.938961784,0.881649231,0.67127761,0.109439131
103,FCNN,MHFP6_CC,8,0.354328652,0.968317096,1.247140197,0.993630222,0.966573268,0.942600798,1998,0.936212119,0.942600798,1.247140197,1.555358672,0.672505967,0.123809306
104,FCNN,MHFP6_CC,16,0.363907992,0.758292789,0.590187275,0.993783422,0.967646172,0.985158833,5735,0.978535363,0.985158833,0.590187275,0.348321019,0.425455389,0.087855587
105,FCNN,MHFP6_CC,32,0.334475037,1.437891879,1.787000189,0.994263757,0.898213993,0.902149708,910,0.895772331,0.902149708,1.787000189,3.193369676,0.883177967,0.142903118
106,FCNN,MHFP6_CC,64,0.348109465,1.000936125,0.940863328,0.994189198,0.949202848,0.956688158,1831,0.954530512,0.956688158,0.940863328,0.885223802,0.570908372,0.13166716
107,FCNN,MHFP6_CC,128,0.338541657,0.864291311,0.861413544,0.994727304,0.955778245,0.957453104,5473,0.956741946,0.957453104,0.861413544,0.742033293,0.519460757,0.086757074
108,FCNN,MHFP6_CC,256,0.272955733,0.921648413,1.243929758,0.996617106,0.958477181,0.925177113,5111,0.920116519,0.925177113,1.243929758,1.547361244,0.642893462,0.150234617
109,FCNN,MHFP6_CC,512,0.339541854,0.936096978,1.176758353,0.994552821,0.941558684,0.938707984,383,0.9372885,0.938707984,1.176758353,1.38476022,0.706300206,0.106601236
110,FCNN,Property_CC,1,1.153915712,1.244312504,0.889564442,0.961367303,0.968896935,0.963170497,4640,0.959352749,0.963170497,0.889564442,0.791324897,0.584861059,0.120741005
111,FCNN,Property_CC,2,1.016135899,0.81316652,0.643458845,0.952753597,0.966760244,0.979690572,5938,0.978782825,0.979690572,0.643458845,0.414039285,0.509551658,0.124339578
112,FCNN,Property_CC,4,1.294980237,1.922795143,1.46980444,0.96558631,0.906999144,0.862948351,876,0.858693106,0.862948351,1.46980444,2.160325092,1.067655291,0.148252326
113,FCNN,Property_CC,8,0.670588945,1.039357275,1.410369053,0.977210572,0.960187328,0.928450651,1366,0.91842198,0.928450651,1.410369053,1.989140865,0.949051219,0.190304791
114,FCNN,Property_CC,16,1.062830487,0.632052097,0.516362928,0.94698831,0.975926825,0.983976039,5852,0.983569379,0.983976039,0.516362928,0.266630674,0.374401712,0.096323149
115,FCNN,Property_CC,32,0.677325881,1.546275667,1.821427058,0.978385806,0.88664235,0.896622823,5942,0.891717719,0.896622823,1.821427058,3.317596529,0.825820411,0.116369195
116,FCNN,Property_CC,64,1.004470269,1.235102319,0.919773244,0.967153453,0.944201146,0.962276783,5945,0.956546123,0.962276783,0.919773244,0.845982821,0.608877338,0.126638828
117,FCNN,Property_CC,128,2.186481587,2.073418823,1.141061741,0.952423514,0.912275777,0.93312643,2180,0.924096487,0.93312643,1.141061741,1.302021896,0.68525557,0.139281562
118,FCNN,Property_CC,256,0.825223686,0.902197751,2.063001263,0.967414063,0.96461387,0.781261979,5940,0.780282699,0.781261979,2.063001263,4.25597421,0.923886141,0.18920301
119,FCNN,Property_CC,512,1.005925541,1.158499358,1.003997784,0.953772115,0.922823114,0.956858877,5982,0.95435028,0.956858877,1.003997784,1.008011551,0.704658499,0.106673435
120,FCNN,Constitution_CC,1,0.458437444,2.03420187,1.06384675,0.989743383,0.858983078,0.945731585,401,0.941865426,0.945731585,1.06384675,1.131769908,0.665862522,0.123846796
121,FCNN,Constitution_CC,2,0.525398415,1.076676706,0.561461131,0.987894918,0.934880418,0.985623251,593,0.983845802,0.985623251,0.561461131,0.315238602,0.433153461,0.083763454
122,FCNN,Constitution_CC,4,0.512034238,2.277276198,1.089854354,0.988622896,0.776209859,0.924362614,258,0.92230713,0.924362614,1.089854354,1.187782512,0.772780292,0.116581798
123,FCNN,Constitution_CC,8,0.56336264,1.074866682,1.39296695,0.98392792,0.963813441,0.926730948,2905,0.920422692,0.926730948,1.39296695,1.940356923,0.805147743,0.138027306
124,FCNN,Constitution_CC,16,0.505458441,0.712948426,0.51547052,0.988009864,0.97150542,0.985368114,3099,0.983626123,0.985368114,0.51547052,0.265709857,0.378002547,0.092077163
125,FCNN,Constitution_CC,32,0.390527284,1.856268963,2.016343732,0.993674775,0.847744343,0.870154439,2364,0.867302431,0.870154439,2.016343732,4.065642046,0.91049708,0.121097136
126,FCNN,Constitution_CC,64,0.499595419,1.093815676,1.198599286,0.989319259,0.939662593,0.927417727,781,0.926207026,0.927417727,1.198599286,1.436640247,0.676010424,0.14258213
127,FCNN,Constitution_CC,128,0.550850506,2.255648459,1.067745383,0.989129138,0.817851618,0.940939125,1047,0.933537145,0.940939125,1.067745383,1.140080203,0.581930053,0.110075545
128,FCNN,Constitution_CC,256,0.518678151,0.709590392,1.889379367,0.987137255,0.977494289,0.819103321,5959,0.815709222,0.819103321,1.889379367,3.569754392,0.756628959,0.121971818
129,FCNN,Constitution_CC,512,0.578655182,1.053484742,1.138303642,0.985341777,0.944281015,0.94611567,3079,0.941320168,0.94611567,1.138303642,1.29573518,0.704028421,0.110521829
130,FCNN,Autocorr_CC,1,3.192386467,3.046331891,4.767755394,0.589667852,0.617843951,0.271011328,5712,-0.167627423,0.271011328,4.767755394,22.73149149,3.412065342,0.974686801
131,FCNN,Autocorr_CC,2,3.217724451,5.296982429,6.857995533,0.598647604,0.399513229,0.447698739,5999,-1.410129654,0.447698739,6.857995533,47.03210273,3.32941301,0.730918606
132,FCNN,Autocorr_CC,4,3.805881525,5.300150369,3.450736396,0.467574274,0.36575013,0.605541384,5844,0.221124921,0.605541384,3.450736396,11.90758167,2.660391368,0.62049945
133,FCNN,Autocorr_CC,8,3.003435168,3.213598695,3.477073988,0.635998712,0.664931281,0.623088346,5994,0.504166938,0.623088346,3.477073988,12.09004352,2.671313249,0.705959307
134,FCNN,Autocorr_CC,16,109.8750488,107.9937689,4.689516766,0.025308276,0.00148398,0.218492002,5956,-0.35518958,0.218492002,4.689516766,21.99156749,3.233091171,1.162280077
135,FCNN,Autocorr_CC,32,16.42509392,14.88034994,3.66681919,0.376550136,0.554021095,0.68130392,5924,0.561153317,0.68130392,3.66681919,13.44556298,2.863527401,0.800765377
136,FCNN,Autocorr_CC,64,2.241180229,2.298808075,2.996075139,0.768532848,0.817572715,0.597373205,5614,0.538924139,0.597373205,2.996075139,8.97646624,2.244403832,0.59795593
137,FCNN,Autocorr_CC,128,2.015552313,2.154923809,2.084001404,0.813550301,0.751216734,0.803080935,5999,0.74681405,0.803080935,2.084001404,4.34306185,1.354499485,0.366059152
138,FCNN,Autocorr_CC,256,3.087921514,3.671231868,3.083701178,0.581772094,0.437102321,0.53181474,5796,0.509081001,0.53181474,3.083701178,9.509212953,2.327067253,0.881237921
139,FCNN,Autocorr_CC,512,2.840857113,2.723011355,2.959730621,0.688199141,0.717701292,0.725010489,5995,0.603286496,0.725010489,2.959730621,8.760005346,2.205633071,0.540061646
140,FCNN,Fragment_CC,1,0.533606924,1.174407026,1.004582807,0.986470981,0.94378492,0.950536952,1066,0.948162048,0.950536952,1.004582807,1.009186617,0.650537067,0.147270005
141,FCNN,Fragment_CC,2,0.624037957,1.067349683,0.505143239,0.98154631,0.933906982,0.987859225,1015,0.986923994,0.987859225,0.505143239,0.255169692,0.403849412,0.078308872
142,FCNN,Fragment_CC,4,0.493240276,2.504769709,1.131982867,0.988650517,0.739199629,0.919305397,185,0.916184576,0.919305397,1.131982867,1.281385211,0.750308922,0.093969343
143,FCNN,Fragment_CC,8,0.381415255,1.300123287,1.357819144,0.992744654,0.93378293,0.941488378,262,0.92438787,0.941488378,1.357819144,1.843672827,0.676984949,0.113782472
144,FCNN,Fragment_CC,16,0.517877212,0.724026491,0.66891323,0.987799503,0.967726151,0.97475758,254,0.972427037,0.97475758,0.66891323,0.447444909,0.452018476,0.115654735
145,FCNN,Fragment_CC,32,0.396562909,1.245142324,2.113531105,0.9933437,0.923615895,0.86013891,1649,0.854202151,0.86013891,2.113531105,4.467013732,0.985158933,0.187760993
146,FCNN,Fragment_CC,64,0.545164996,1.772918208,0.90148617,0.986570608,0.84815559,0.958751808,693,0.958256859,0.958751808,0.90148617,0.812677315,0.565569813,0.122488784
147,FCNN,Fragment_CC,128,0.500815142,1.673546458,1.145621334,0.988467657,0.883324854,0.928463917,1918,0.923488666,0.928463917,1.145621334,1.312448242,0.681938531,0.134019498
148,FCNN,Fragment_CC,256,0.551317945,0.608583147,2.244162444,0.986201266,0.982553571,0.744405388,5992,0.739999701,0.744405388,2.244162444,5.036265073,0.776066293,0.141746354
149,FCNN,Fragment_CC,512,0.495397566,1.034251824,1.210782939,0.989123825,0.941118376,0.943792671,2405,0.933609613,0.943792671,1.210782939,1.465995326,0.729204574,0.12669451
150,FCNN,Charge_CC,1,0.985123862,0.916921817,1.114763215,0.953130437,0.965272424,0.9392621,5919,0.936167535,0.9392621,1.114763215,1.242697025,0.652941791,0.107085759
151,FCNN,Charge_CC,2,1.010294981,0.609652657,0.617343975,0.951638697,0.97956354,0.981038001,2052,0.980470081,0.981038001,0.617343975,0.381113583,0.469809518,0.067692284
152,FCNN,Charge_CC,4,0.878090783,1.649749545,1.140547342,0.96347992,0.881388483,0.920907305,1437,0.914911499,0.920907305,1.140547342,1.300848239,0.705198467,0.085801132
153,FCNN,Charge_CC,8,0.930168038,0.874474092,1.38820125,0.956137584,0.970760904,0.92417307,3292,0.92096627,0.92417307,1.38820125,1.927102711,0.785474228,0.135330568
154,FCNN,Charge_CC,16,0.991957257,0.71347728,0.609142891,0.953881217,0.969835344,0.977607805,2167,0.97713442,0.977607805,0.609142891,0.371055062,0.418922876,0.080328724
155,FCNN,Charge_CC,32,0.750242516,1.494246543,1.835605267,0.971420866,0.897980097,0.895039657,5867,0.890025393,0.895039657,1.835605267,3.369446695,0.893889376,0.148317548
156,FCNN,Charge_CC,64,0.900608162,0.970498527,1.059762517,0.9615342,0.952472258,0.942453257,5861,0.942312185,0.942453257,1.059762517,1.123096592,0.5593811,0.099051851
157,FCNN,Charge_CC,128,0.895311035,1.121728539,1.111221875,0.963503938,0.931985174,0.9377948,5748,0.928014479,0.9377948,1.111221875,1.234814056,0.712653396,0.137074014
158,FCNN,Charge_CC,256,0.946314923,1.231809432,1.183219479,0.957189211,0.923390053,0.931923335,5918,0.927723704,0.931923335,1.183219479,1.400008336,0.63650185,0.100921648
159,FCNN,Charge_CC,512,0.94611908,1.133788399,0.97630283,0.957874379,0.922587194,0.961105317,1286,0.95683401,0.961105317,0.97630283,0.953167216,0.673229537,0.091377112
160,FCNN,Estate_CC,1,0.295088593,1.472893105,1.182558304,0.996414468,0.931510172,0.932988232,530,0.928167418,0.932988232,1.182558304,1.398444142,0.654920395,0.123953786
161,FCNN,Estate_CC,2,0.424524671,1.419262764,0.772731672,0.992170065,0.890293853,0.971046798,208,0.969401268,0.971046798,0.772731672,0.597114237,0.642993908,0.131538719
162,FCNN,Estate_CC,4,0.314078878,4.675680798,1.101631749,0.995329763,0.517505902,0.931539232,213,0.920618897,0.931539232,1.101631749,1.213592511,0.678530965,0.096052054
163,FCNN,Estate_CC,8,0.284063741,0.766484116,1.685761445,0.996147639,0.976830312,0.887427211,5298,0.883453335,0.887427211,1.685761445,2.84179165,0.887460032,0.222445622
164,FCNN,Estate_CC,16,0.400040275,0.671697093,0.698410879,0.994034339,0.972051233,0.972133989,169,0.9699416,0.972133989,0.698410879,0.487777756,0.503479029,0.139801327
165,FCNN,Estate_CC,32,0.278744842,1.216034022,2.434376816,0.996130267,0.930598677,0.807925658,4794,0.806576412,0.807925658,2.434376816,5.926190483,1.211643183,0.242789695
166,FCNN,Estate_CC,64,0.394091604,1.852909214,1.227962979,0.993212475,0.846570529,0.923732609,276,0.922547127,0.923732609,1.227962979,1.507893077,0.74181771,0.144817157
167,FCNN,Estate_CC,128,0.401447378,1.919983615,1.391682164,0.992593234,0.851340709,0.901666494,1176,0.887092261,0.901666494,1.391682164,1.936779245,0.632633744,0.126485463
168,FCNN,Estate_CC,256,0.362557211,0.660932691,2.068018422,0.994265651,0.978665235,0.782638101,5665,0.779212708,0.782638101,2.068018422,4.276700193,0.673036825,0.141038812
169,FCNN,Estate_CC,512,0.339451162,0.923389957,1.104799593,0.996188562,0.955242043,0.94628448,601,0.944723616,0.94628448,1.104799593,1.22058214,0.68382724,0.100845465
170,FCNN,Connectivity_CC,1,0.619865567,1.006810175,0.945090128,0.982465699,0.961522769,0.955752264,1235,0.954120064,0.955752264,0.945090128,0.893195349,0.541375833,0.088307082
171,FCNN,Connectivity_CC,2,0.845524205,0.778223165,0.696060754,0.967237551,0.970371577,0.975551899,1463,0.975172082,0.975551899,0.696060754,0.484500573,0.509616572,0.087836679
172,FCNN,Connectivity_CC,4,0.648559509,1.805626714,0.929320243,0.980050156,0.858781432,0.947959748,1065,0.94350955,0.947959748,0.929320243,0.863636114,0.599037332,0.088488459
173,FCNN,Connectivity_CC,8,0.7721094,1.100905542,1.314946806,0.970130697,0.963000952,0.938302601,764,0.929087306,0.938302601,1.314946806,1.729085104,0.81181437,0.161037018
174,FCNN,Connectivity_CC,16,0.67376139,0.849784782,0.709546217,0.980848064,0.964036355,0.969264898,307,0.968975468,0.969264898,0.709546217,0.503455834,0.546324314,0.115719321
175,FCNN,Connectivity_CC,32,0.548924728,1.722936466,1.807113287,0.985145627,0.860112243,0.900206286,1896,0.893412914,0.900206286,1.807113287,3.265658431,0.822876014,0.104979596
176,FCNN,Connectivity_CC,64,0.741056697,1.008944037,0.956579135,0.973769187,0.949475031,0.954872705,2749,0.952998817,0.954872705,0.956579135,0.915043642,0.563765811,0.103639817
177,FCNN,Connectivity_CC,128,0.643239438,0.989384428,1.010329263,0.980977323,0.946725329,0.943972721,5425,0.940492809,0.943972721,1.010329263,1.02076522,0.63923744,0.119816496
178,FCNN,Connectivity_CC,256,0.729581348,0.759176058,1.406845441,0.975019759,0.97628558,0.899408635,5993,0.897821848,0.899408635,1.406845441,1.979214094,0.69470706,0.118224579
179,FCNN,Connectivity_CC,512,0.705079928,0.868694545,1.316877566,0.977105652,0.962058197,0.92566307,5959,0.921464971,0.92566307,1.316877566,1.734166525,0.859227778,0.170824882
180,FCNN,Topology_CC,1,0.969684294,0.802368408,1.106727189,0.954179647,0.973185961,0.940077829,4485,0.93708452,0.940077829,1.106727189,1.22484507,0.6694275,0.104380788
181,FCNN,Topology_CC,2,1.017307938,0.941150365,0.75363534,0.950985077,0.951166482,0.971114043,1480,0.970894938,0.971114043,0.75363534,0.567966226,0.563755065,0.08359051
182,FCNN,Topology_CC,4,0.915231257,1.285760873,1.058541373,0.960379868,0.930836582,0.934254051,3046,0.926707436,0.934254051,1.058541373,1.120509838,0.678396535,0.097791173
183,FCNN,Topology_CC,8,0.890045838,1.039479211,1.4792677,0.95981186,0.960165918,0.921171113,290,0.910256879,0.921171113,1.4792677,2.188232928,0.883518232,0.137561921
184,FCNN,Topology_CC,16,1.023379649,0.885411479,0.690757036,0.952304569,0.960185125,0.971365623,1479,0.970596806,0.971365623,0.690757036,0.477145282,0.480267503,0.084307002
185,FCNN,Topology_CC,32,0.724085102,1.571890521,1.697652752,0.973643948,0.879870882,0.912656433,3601,0.905934243,0.912656433,1.697652752,2.882024867,0.784490198,0.103623463
186,FCNN,Topology_CC,64,0.95880653,1.064660369,1.01237779,0.958169853,0.94740124,0.947439419,2549,0.947355597,0.947439419,1.01237779,1.024908789,0.548383867,0.088224296
187,FCNN,Topology_CC,128,0.921668881,1.172309169,1.061619984,0.962788864,0.926757503,0.941899164,2956,0.934297521,0.941899164,1.061619984,1.127036991,0.599821344,0.109864868
188,FCNN,Topology_CC,256,0.949657871,1.166670681,1.09244441,0.957382825,0.931996344,0.941394721,5987,0.938388191,0.941394721,1.09244441,1.193434788,0.587518497,0.111457353
189,FCNN,Topology_CC,512,0.956992862,1.203671643,1.094869742,0.958092703,0.9217309,0.951867948,5439,0.94571279,0.951867948,1.094869742,1.198739752,0.743278884,0.112520081
190,FCNN,Kappa_CC,1,0.786377775,1.237955071,1.147533482,0.969818534,0.942023717,0.935664787,1309,0.932359457,0.935664787,1.147533482,1.316833092,0.693585436,0.11339989
191,FCNN,Kappa_CC,2,0.89571164,1.452382075,1.056304061,0.962051234,0.887525952,0.94486371,452,0.942822665,0.94486371,1.056304061,1.11577827,0.813463918,0.115568831
192,FCNN,Kappa_CC,4,0.802745485,1.334510071,1.054311812,0.970207975,0.92451749,0.934828904,1166,0.927291969,0.934828904,1.054311812,1.111573396,0.670942558,0.092820924
193,FCNN,Kappa_CC,8,0.861713788,1.061287264,1.356856369,0.962333136,0.957024037,0.931984375,1369,0.924495059,0.931984375,1.356856369,1.841059207,0.771814419,0.124737027
194,FCNN,Kappa_CC,16,0.960815984,0.86488178,0.735658169,0.961585387,0.954823787,0.966746717,224,0.966649988,0.966746717,0.735658169,0.541192942,0.559417324,0.098519423
195,FCNN,Kappa_CC,32,0.688903713,1.575091366,1.998292473,0.97933717,0.898727199,0.876825163,5907,0.869667738,0.876825163,1.998292473,3.993172806,0.946471973,0.161538971
196,FCNN,Kappa_CC,64,0.868903306,1.152373939,1.004181259,0.96519429,0.939520043,0.948392141,1816,0.948204598,0.948392141,1.004181259,1.008380001,0.568571862,0.098378234
197,FCNN,Kappa_CC,128,0.858116635,1.21323904,1.022226716,0.966290115,0.929116478,0.951818257,5800,0.939083065,0.951818257,1.022226716,1.044947458,0.696229967,0.139692389
198,FCNN,Kappa_CC,256,0.807192102,0.76574284,1.258024253,0.969212739,0.976327762,0.920735065,5990,0.918296004,0.920735065,1.258024253,1.582625022,0.65120362,0.115879067
199,FCNN,Kappa_CC,512,0.786501359,1.169091881,1.178654155,0.974845203,0.908099984,0.941443801,1832,0.937086276,0.941443801,1.178654155,1.389225618,0.760744508,0.104221436
200,FCNN,Path_CC,1,1.064686155,1.266534084,0.837276564,0.967439384,0.947002063,0.964768199,4055,0.963990738,0.964768199,0.837276564,0.701032045,0.591581516,0.108734542
201,FCNN,Path_CC,2,0.993406538,0.613085441,0.689478673,0.962522914,0.981190077,0.976549221,5574,0.975639417,0.976549221,0.689478673,0.47538084,0.585368837,0.097202648
202,FCNN,Path_CC,4,0.870282258,2.00548446,1.299014573,0.96410014,0.826513643,0.891612909,1614,0.889624601,0.891612909,1.299014573,1.687438861,0.926991314,0.125158661
203,FCNN,Path_CC,8,1.249267216,1.235424314,1.906502028,0.968073072,0.967108162,0.859783418,3913,0.850932777,0.859783418,1.906502028,3.634749981,1.069326063,0.220145365
204,FCNN,Path_CC,16,1.18854239,1.046929888,0.624133661,0.969039344,0.970790353,0.976063445,2283,0.975995145,0.976063445,0.624133661,0.389542827,0.461968922,0.099456691
205,FCNN,Path_CC,32,0.991561712,1.733441533,1.608144345,0.97417596,0.854459554,0.920688332,5733,0.915591947,0.920688332,1.608144345,2.586128233,0.83128258,0.134040786
206,FCNN,Path_CC,64,1.162312785,1.36769665,0.87735133,0.966219347,0.93637888,0.962975379,5900,0.960462058,0.962975379,0.87735133,0.769745357,0.543257695,0.098440018
207,FCNN,Path_CC,128,0.93932436,0.880695333,0.840262009,0.959470111,0.956674353,0.959016342,5577,0.95884022,0.959016342,0.840262009,0.706040244,0.614121383,0.156692865
208,FCNN,Path_CC,256,0.767665746,1.001901097,1.333392845,0.973186941,0.957191588,0.91978539,5970,0.90821293,0.91978539,1.333392845,1.777936479,0.84205938,0.19426579
209,FCNN,Path_CC,512,0.817038534,0.9319811,1.340947201,0.969228796,0.948236514,0.928204332,4184,0.918567837,0.928204332,1.340947201,1.798139395,0.872765621,0.131893534
210,FCNN,InfoContent_CC,1,0.745450853,0.971927711,0.845077769,0.972912294,0.960958146,0.963371009,5999,0.963316589,0.963371009,0.845077769,0.714156436,0.61842409,0.102073248
211,FCNN,InfoContent_CC,2,1.100874823,0.805419097,0.931344639,0.951378175,0.980804567,0.960566268,5885,0.955550503,0.960566268,0.931344639,0.867402836,0.696482575,0.099534081
212,FCNN,InfoContent_CC,4,0.947940956,2.227301211,1.612980764,0.9725533,0.818082903,0.83482798,984,0.829822313,0.83482798,1.612980764,2.601706944,1.155576954,0.160702254
213,FCNN,InfoContent_CC,8,1.11305723,1.364557294,1.232778743,0.973932496,0.982655415,0.944956219,5976,0.93767276,0.944956219,1.232778743,1.51974343,0.762681896,0.142986134
214,FCNN,InfoContent_CC,16,0.839031164,0.937219315,0.87531277,0.967627692,0.944166282,0.953018905,2492,0.952786043,0.953018905,0.87531277,0.766172445,0.620717913,0.096055121
215,FCNN,InfoContent_CC,32,0.842810404,1.67790109,1.75209083,0.971495948,0.859924699,0.908207505,2834,0.899804766,0.908207505,1.75209083,3.069822276,0.827141894,0.128044999
216,FCNN,InfoContent_CC,64,0.998960164,1.32058905,3.056311018,0.973413389,0.927342982,0.637402329,4742,0.520197973,0.637402329,3.056311018,9.34103704,1.094093188,0.174344282
217,FCNN,InfoContent_CC,128,1.231725876,1.943220364,1.068206415,0.965323635,0.887744472,0.940945102,2165,0.933479738,0.940945102,1.068206415,1.141064946,0.704894038,0.135513663
218,FCNN,InfoContent_CC,256,0.776335432,0.977847014,2.131708189,0.971285882,0.954472102,0.778641474,5966,0.765403907,0.778641474,2.131708189,4.544179805,0.92590358,0.144820244
219,FCNN,InfoContent_CC,512,0.84416051,1.043434173,1.272466471,0.966442421,0.93991261,0.9345899,5861,0.926672765,0.9345899,1.272466471,1.619170919,0.891102559,0.137459909
220,FCNN,moe206_CC,1,1.110222903,1.090084127,1.317302432,0.939857931,0.950868018,0.924029717,5140,0.91086519,0.924029717,1.317302432,1.735285697,0.838315802,0.173548483
221,FCNN,moe206_CC,2,1.162906268,0.998104368,0.908343158,0.936141263,0.944054399,0.957926646,5743,0.957718936,0.957926646,0.908343158,0.825087293,0.717105652,0.187482707
222,FCNN,moe206_CC,4,1.021928473,1.457126762,1.34453964,0.950535775,0.912830246,0.88474966,5401,0.881752638,0.88474966,1.34453964,1.807786843,0.982524458,0.155423358
223,FCNN,moe206_CC,8,1.141592693,1.013585613,1.349548941,0.9340387,0.963749864,0.932228874,5830,0.925306141,0.932228874,1.349548941,1.821282344,0.807944813,0.190623351
224,FCNN,moe206_CC,16,1.641161174,1.396380252,1.04509584,0.91909107,0.939885552,0.943565239,5997,0.93269364,0.943565239,1.04509584,1.092225315,0.761661477,0.241581654
225,FCNN,moe206_CC,32,0.892574311,1.354839206,1.962018293,0.959249346,0.919118991,0.881340602,5824,0.874356527,0.881340602,1.962018293,3.849515783,0.99877537,0.256084168
226,FCNN,moe206_CC,64,1.085154311,1.152775741,1.364825827,0.943616907,0.932211869,0.907729798,5677,0.904319938,0.907729798,1.364825827,1.862749538,0.929699277,0.189527176
227,FCNN,moe206_CC,128,5.325608799,4.606228221,1.555105204,0.674910572,0.776478682,0.869173238,4613,0.859018172,0.869173238,1.555105204,2.418352196,1.151907451,0.292681654
228,FCNN,moe206_CC,256,2.016532257,2.06540339,1.45702831,0.906016439,0.884914532,0.896009671,5922,0.890402349,0.896009671,1.45702831,2.122931496,0.958722532,0.28912844
229,FCNN,moe206_CC,512,1.136119957,1.232056235,1.357294076,0.939106208,0.908361891,0.922239718,5885,0.916570331,0.922239718,1.357294076,1.842247209,1.070889037,0.182094235
10,FCNN,MAP4_CC,1,0.073133662,1.447837412,1.271422177,0.999740522,0.915991339,0.918247788,309,0.916966008,0.918247788,1.271422177,1.616514353,0.868415959,0.144141289
11,FCNN,MAP4_CC,2,0.073377833,1.205763125,1.094389956,0.99974467,0.916171895,0.944749051,3381,0.938625183,0.944749051,1.094389956,1.197689376,0.697115012,0.128726155
12,FCNN,MAP4_CC,4,0.097599552,1.597036187,1.168491504,0.999735836,0.894111054,0.915346891,232,0.910690973,0.915346891,1.168491504,1.365372394,0.846669985,0.125864975
13,FCNN,MAP4_CC,8,0.074704638,0.966059408,1.444806276,0.999717054,0.965676115,0.917957687,5943,0.914389535,0.917957687,1.444806276,2.087465175,0.814784912,0.187626639
14,FCNN,MAP4_CC,16,0.275342679,1.059600183,0.984964272,0.999618965,0.952513607,0.941683586,5379,0.94021602,0.941683586,0.984964272,0.970154617,0.699823099,0.160907966
15,FCNN,MAP4_CC,32,0.256112214,1.552268559,1.967192699,0.999644686,0.894616133,0.886235066,184,0.873692937,0.886235066,1.967192699,3.869847117,1.145098536,0.276638838
16,FCNN,MAP4_CC,64,0.014666261,1.473837555,1.255229327,0.999989686,0.889073878,0.928607097,148,0.919069329,0.928607097,1.255229327,1.575600663,0.912194366,0.249481762
17,FCNN,MAP4_CC,128,0.074214589,1.196923814,1.011856621,0.999747458,0.913563095,0.941361022,5937,0.940312754,0.941361022,1.011856621,1.023853821,0.721577168,0.12764198
18,FCNN,MAP4_CC,256,0.073420849,1.151675662,1.422197639,0.999743162,0.942976624,0.898199932,4416,0.895579643,0.898199932,1.422197639,2.022646124,0.798394783,0.178136685
19,FCNN,MAP4_CC,512,0.073822881,1.046274698,1.555065468,0.999744334,0.932597601,0.895520329,5931,0.890485918,0.895520329,1.555065468,2.418228611,0.998337286,0.129087198
